[{"model": "handout.universitytype", "pk": 1, "fields": {"title": "دولتی - وزارت علوم"}}, {"model": "handout.universitytype", "pk": 2, "fields": {"title": "فنی و حرفه‌ای"}}, {"model": "handout.universitytype", "pk": 3, "fields": {"title": "دولتی - علوم پزشکی"}}, {"model": "handout.universitytype", "pk": 4, "fields": {"title": "آزاد اسلامی"}}, {"model": "handout.universitytype", "pk": 5, "fields": {"title": "دانشکده سما"}}, {"model": "handout.universitytype", "pk": 6, "fields": {"title": "غیرانتفاعی"}}, {"model": "handout.universitytype", "pk": 7, "fields": {"title": "پیام نور"}}, {"model": "handout.universitytype", "pk": 8, "fields": {"title": "جامع علمی-کاربردی"}}, {"model": "handout.universitytype", "pk": 9, "fields": {"title": "سایر"}}, {"model": "handout.universitytype", "pk": 10, "fields": {"title": "موسسه کنکور"}}, {"model": "handout.university", "pk": 2, "fields": {"name": "دانشگاه آیت‌الله‌العظمی بروجردی", "logo": "", "type": 1}}, {"model": "handout.university", "pk": 3, "fields": {"name": "دانشگاه اراک", "logo": "", "type": 1}}, {"model": "handout.university", "pk": 4, "fields": {"name": "دانشگاه اردکان", "logo": "", "type": 1}}, {"model": "handout.university", "pk": 5, "fields": {"name": "دانشگاه ارومیه", "logo": "", "type": 1}}, {"model": "handout.university", "pk": 6, "fields": {"name": "دانشگاه اصفهان", "logo": "", "type": 1}}, {"model": "handout.university", "pk": 7, "fields": {"name": "دانشگاه الزهرا", "logo": "", "type": 1}}, {"model": "handout.university", "pk": 8, "fields": {"name": "دانشگاه ایلام", "logo": "", "type": 1}}, {"model": "handout.university", "pk": 9, "fields": {"name": "دانشگاه بجنورد", "logo": "", "type": 1}}, {"model": "handout.university", "pk": 10, "fields": {"name": "دانشگاه بزرگمهر قائن", "logo": "", "type": 1}}, {"model": "handout.university", "pk": 11, "fields": {"name": "دانشگاه بناب", "logo": "", "type": 1}}, {"model": "handout.university", "pk": 12, "fields": {"name": "دانشگاه بوعلی سینا همدان", "logo": "", "type": 1}}, {"model": "handout.university", "pk": 13, "fields": {"name": "دانشگاه بیرجند", "logo": "", "type": 1}}, {"model": "handout.university", "pk": 14, "fields": {"name": "دانشگاه بین‌المللی امام خمینی قزوین", "logo": "", "type": 1}}, {"model": "handout.university", "pk": 15, "fields": {"name": "دانشگاه تبریز", "logo": "", "type": 1}}, {"model": "handout.university", "pk": 16, "fields": {"name": "دانشگاه تخصصی فناوری‌های نوین آمل", "logo": "", "type": 1}}, {"model": "handout.university", "pk": 17, "fields": {"name": "دانشگاه تربت حیدریه", "logo": "", "type": 1}}, {"model": "handout.university", "pk": 18, "fields": {"name": "دانشگاه تربیت دبیر شهید رجایی تهران", "logo": "", "type": 1}}, {"model": "handout.university", "pk": 19, "fields": {"name": "دانشگاه تربیت مدرس", "logo": "", "type": 1}}, {"model": "handout.university", "pk": 20, "fields": {"name": "دانشگاه تفرش", "logo": "", "type": 1}}, {"model": "handout.university", "pk": 22, "fields": {"name": "دانشگاه جیرفت", "logo": "", "type": 1}}, {"model": "handout.university", "pk": 23, "fields": {"name": "دانشگاه جهرم", "logo": "", "type": 1}}, {"model": "handout.university", "pk": 24, "fields": {"name": "دانشگاه حضرت نرجس رفسنجان", "logo": "", "type": 1}}, {"model": "handout.university", "pk": 25, "fields": {"name": "دانشگاه حکیم سبزواری", "logo": "", "type": 1}}, {"model": "handout.university", "pk": 26, "fields": {"name": "دانشگاه خلیج فارس بوشهر", "logo": "", "type": 1}}, {"model": "handout.university", "pk": 27, "fields": {"name": "دانشگاه خوارزمی تهران", "logo": "storage/logo/logo3_1.png", "type": 1}}, {"model": "handout.university", "pk": 28, "fields": {"name": "دانشگاه دامغان", "logo": "", "type": 1}}, {"model": "handout.university", "pk": 29, "fields": {"name": "دانشگاه دخترانه حضرت معصومه قم", "logo": "", "type": 1}}, {"model": "handout.university", "pk": 30, "fields": {"name": "دانشگاه دریانوردی و علوم دریایی چابهار", "logo": "", "type": 1}}, {"model": "handout.university", "pk": 31, "fields": {"name": "دانشگاه رازی کرمانشاه", "logo": "", "type": 1}}, {"model": "handout.university", "pk": 32, "fields": {"name": "دانشگاه زابل", "logo": "", "type": 1}}, {"model": "handout.university", "pk": 33, "fields": {"name": "دانشگاه زنجان", "logo": "", "type": 1}}, {"model": "handout.university", "pk": 34, "fields": {"name": "دانشگاه سلمان فارسی کازرون", "logo": "", "type": 1}}, {"model": "handout.university", "pk": 35, "fields": {"name": "دانشگاه سید جمال‌الدین اسدآبادی", "logo": "", "type": 1}}, {"model": "handout.university", "pk": 36, "fields": {"name": "دانشگاه سمنان", "logo": "", "type": 1}}, {"model": "handout.university", "pk": 37, "fields": {"name": "دانشگاه سیستان و بلوچستان", "logo": "", "type": 1}}, {"model": "handout.university", "pk": 38, "fields": {"name": "دانشگاه شهرضا", "logo": "", "type": 1}}, {"model": "handout.university", "pk": 39, "fields": {"name": "دانشگاه شاهد", "logo": "", "type": 1}}, {"model": "handout.university", "pk": 40, "fields": {"name": "دانشگاه شهرکرد", "logo": "", "type": 1}}, {"model": "handout.university", "pk": 41, "fields": {"name": "دانشگاه شهید باهنر کرمان", "logo": "", "type": 1}}, {"model": "handout.university", "pk": 42, "fields": {"name": "دانشگاه تحصیلات تکمیلی صنعتی کرمان", "logo": "", "type": 1}}, {"model": "handout.university", "pk": 43, "fields": {"name": "دانشگاه شهید بهشتی", "logo": "", "type": 1}}, {"model": "handout.university", "pk": 44, "fields": {"name": "دانشگاه شهید چمران اهواز", "logo": "", "type": 1}}, {"model": "handout.university", "pk": 45, "fields": {"name": "دانشگاه شهید مدنی آذربایجان", "logo": "", "type": 1}}, {"model": "handout.university", "pk": 46, "fields": {"name": "دانشگاه شیراز", "logo": "", "type": 1}}, {"model": "handout.university", "pk": 47, "fields": {"name": "دانشگاه صنعت آب و برق", "logo": "", "type": 1}}, {"model": "handout.university", "pk": 48, "fields": {"name": "دانشگاه صنعتی اراک", "logo": "", "type": 1}}, {"model": "handout.university", "pk": 49, "fields": {"name": "دانشگاه صنعتی ارومیه", "logo": "", "type": 1}}, {"model": "handout.university", "pk": 50, "fields": {"name": "دانشگاه صنعتی اصفهان", "logo": "", "type": 1}}, {"model": "handout.university", "pk": 51, "fields": {"name": "دانشگاه صنعتی امیرکبیر", "logo": "", "type": 1}}, {"model": "handout.university", "pk": 52, "fields": {"name": "دانشگاه صنعتی نوشیروانی بابل", "logo": "", "type": 1}}, {"model": "handout.university", "pk": 53, "fields": {"name": "دانشگاه صنعتی بیرجند", "logo": "", "type": 1}}, {"model": "handout.university", "pk": 54, "fields": {"name": "دانشگاه صنعتی جندی‌شاپور دزفول", "logo": "", "type": 1}}, {"model": "handout.university", "pk": 55, "fields": {"name": "دانشگاه صنعتی خاتم‌الانبیا", "logo": "", "type": 1}}, {"model": "handout.university", "pk": 56, "fields": {"name": "دانشگاه صنعتی خواجه نصیرالدین طوسی", "logo": "", "type": 1}}, {"model": "handout.university", "pk": 57, "fields": {"name": "دانشگاه صنعتی سهند", "logo": "", "type": 1}}, {"model": "handout.university", "pk": 58, "fields": {"name": "دانشگاه صنعتی سیرجان", "logo": "", "type": 1}}, {"model": "handout.university", "pk": 59, "fields": {"name": "دانشگاه صنعتی شاهرود", "logo": "", "type": 1}}, {"model": "handout.university", "pk": 60, "fields": {"name": "دانشگاه صنعتی شریف", "logo": "storage/logo/1024px-Sharif_logo.svg.png", "type": 1}}, {"model": "handout.university", "pk": 61, "fields": {"name": "دانشگاه صنعتی شیراز", "logo": "", "type": 1}}, {"model": "handout.university", "pk": 62, "fields": {"name": "دانشگاه صنعتی قم", "logo": "", "type": 1}}, {"model": "handout.university", "pk": 63, "fields": {"name": "دانشگاه صنعتی کرمانشاه", "logo": "", "type": 1}}, {"model": "handout.university", "pk": 64, "fields": {"name": "دانشگاه صنعتی همدان", "logo": "", "type": 1}}, {"model": "handout.university", "pk": 65, "fields": {"name": "دانشگاه صنعتی هویزه", "logo": "", "type": 1}}, {"model": "handout.university", "pk": 66, "fields": {"name": "دانشگاه علامه طباطبایی", "logo": "", "type": 1}}, {"model": "handout.university", "pk": 67, "fields": {"name": "دانشگاه علم و صنعت ایران", "logo": "", "type": 1}}, {"model": "handout.university", "pk": 68, "fields": {"name": "دانشگاه علم و فناوری مازندران (بهشهر)", "logo": "", "type": 1}}, {"model": "handout.university", "pk": 69, "fields": {"name": "دانشگاه علوم اقتصادی", "logo": "", "type": 1}}, {"model": "handout.university", "pk": 70, "fields": {"name": "دانشگاه علوم دریایی خرمشهر", "logo": "", "type": 1}}, {"model": "handout.university", "pk": 71, "fields": {"name": "دانشگاه علوم کشاورزی و منابع طبیعی رامین", "logo": "", "type": 1}}, {"model": "handout.university", "pk": 73, "fields": {"name": "دانشگاه علوم کشاورزی و منابع طبیعی گرگان", "logo": "", "type": 1}}, {"model": "handout.university", "pk": 74, "fields": {"name": "دانشگاه فردوسی مشهد", "logo": "", "type": 1}}, {"model": "handout.university", "pk": 75, "fields": {"name": "دانشگاه فرزانگان سمنان", "logo": "", "type": 1}}, {"model": "handout.university", "pk": 76, "fields": {"name": "دانشگاه فسا", "logo": "", "type": 1}}, {"model": "handout.university", "pk": 77, "fields": {"name": "دانشگاه فنی و حرفه‌ای", "logo": "", "type": 1}}, {"model": "handout.university", "pk": 78, "fields": {"name": "دانشگاه فنی ومهندسی بوئین زهرا", "logo": "", "type": 1}}, {"model": "handout.university", "pk": 79, "fields": {"name": "دانشگاه قم", "logo": "", "type": 1}}, {"model": "handout.university", "pk": 80, "fields": {"name": "دانشگاه کاشان", "logo": "", "type": 1}}, {"model": "handout.university", "pk": 81, "fields": {"name": "دانشگاه کردستان", "logo": "", "type": 1}}, {"model": "handout.university", "pk": 82, "fields": {"name": "دانشگاه کوثر بجنورد", "logo": "", "type": 1}}, {"model": "handout.university", "pk": 83, "fields": {"name": "دانشگاه گرمسار", "logo": "", "type": 1}}, {"model": "handout.university", "pk": 84, "fields": {"name": "دانشگاه گلستان", "logo": "", "type": 1}}, {"model": "handout.university", "pk": 85, "fields": {"name": "دانشگاه گنبد کاووس", "logo": "", "type": 1}}, {"model": "handout.university", "pk": 86, "fields": {"name": "دانشگاه گیلان", "logo": "", "type": 1}}, {"model": "handout.university", "pk": 87, "fields": {"name": "دانشگاه لرستان", "logo": "", "type": 1}}, {"model": "handout.university", "pk": 88, "fields": {"name": "دانشگاه مازندران", "logo": "", "type": 1}}, {"model": "handout.university", "pk": 89, "fields": {"name": "دانشگاه محقق اردبیلی", "logo": "", "type": 1}}, {"model": "handout.university", "pk": 90, "fields": {"name": "دانشگاه مراغه", "logo": "", "type": 1}}, {"model": "handout.university", "pk": 91, "fields": {"name": "دانشگاه ملایر", "logo": "", "type": 1}}, {"model": "handout.university", "pk": 92, "fields": {"name": "دانشگاه مهندسی علوم و فناوری‌های نوین گلبهار", "logo": "", "type": 1}}, {"model": "handout.university", "pk": 93, "fields": {"name": "دانشگاه مهندسی فناوری‌های نوین قوچان", "logo": "", "type": 1}}, {"model": "handout.university", "pk": 94, "fields": {"name": "دانشگاه میبد", "logo": "", "type": 1}}, {"model": "handout.university", "pk": 95, "fields": {"name": "دانشگاه نیشابور", "logo": "", "type": 1}}, {"model": "handout.university", "pk": 96, "fields": {"name": "دانشگاه ولایت ایرانشهر", "logo": "", "type": 1}}, {"model": "handout.university", "pk": 97, "fields": {"name": "دانشگاه ولی عصر رفسنجان", "logo": "", "type": 1}}, {"model": "handout.university", "pk": 98, "fields": {"name": "دانشگاه هرمزگان", "logo": "", "type": 1}}, {"model": "handout.university", "pk": 99, "fields": {"name": "دانشگاه هنر اسلامی تبریز", "logo": "", "type": 1}}, {"model": "handout.university", "pk": 100, "fields": {"name": "دانشگاه هنر اصفهان", "logo": "", "type": 1}}, {"model": "handout.university", "pk": 101, "fields": {"name": "دانشگاه هنر تهران", "logo": "", "type": 1}}, {"model": "handout.university", "pk": 102, "fields": {"name": "دانشگاه یاسوج", "logo": "", "type": 1}}, {"model": "handout.university", "pk": 103, "fields": {"name": "دانشگاه یزد", "logo": "", "type": 1}}, {"model": "handout.university", "pk": 104, "fields": {"name": "دانشکده فنی پسرانه قزوین (شهید بابایی)", "logo": "", "type": 2}}, {"model": "handout.university", "pk": 105, "fields": {"name": "دانشکده فنی شهید بهشتی کرج", "logo": "", "type": 2}}, {"model": "handout.university", "pk": 106, "fields": {"name": "دانشکده فنی پسرانه خوارزمی ملایر", "logo": "", "type": 2}}, {"model": "handout.university", "pk": 107, "fields": {"name": "دانشکده فنی و حرفه‌ای دختران دکتر شریعتی", "logo": "", "type": 2}}, {"model": "handout.university", "pk": 108, "fields": {"name": "دانشکده فنی و حرفه‌ای کوثر گنبدکاووس", "logo": "", "type": 2}}, {"model": "handout.university", "pk": 110, "fields": {"name": "دانشکده فنی و حرفه‌ای شهید بهشتی ارومیه", "logo": "", "type": 2}}, {"model": "handout.university", "pk": 111, "fields": {"name": "دانشکده فنی شهید جباریان همدان", "logo": "", "type": 2}}, {"model": "handout.university", "pk": 112, "fields": {"name": "دانشکده فنی شهید صدوقی یزد", "logo": "", "type": 2}}, {"model": "handout.university", "pk": 113, "fields": {"name": "دانشکده فنی و حرفه‌ای پسران شهرکرد", "logo": "", "type": 2}}, {"model": "handout.university", "pk": 114, "fields": {"name": "آموزشکده فنی پسران گناباد", "logo": "", "type": 2}}, {"model": "handout.university", "pk": 115, "fields": {"name": "آموزشکده فنی پسران قم", "logo": "", "type": 2}}, {"model": "handout.university", "pk": 116, "fields": {"name": "دانشکده فنی امام علی (ع) کردکوی", "logo": "", "type": 2}}, {"model": "handout.university", "pk": 117, "fields": {"name": "دانشکده فنی امام محمد باقر ساری", "logo": "", "type": 2}}, {"model": "handout.university", "pk": 118, "fields": {"name": "دانشکده فنی شماره ۲ ساری", "logo": "", "type": 2}}, {"model": "handout.university", "pk": 119, "fields": {"name": "دانشکده فنی امیرکبیر اراک", "logo": "", "type": 2}}, {"model": "handout.university", "pk": 121, "fields": {"name": "دانشکده فنی دارالفنون بجنورد", "logo": "", "type": 2}}, {"model": "handout.university", "pk": 123, "fields": {"name": "دانشکده فنی شماره یک تبریز", "logo": "", "type": 2}}, {"model": "handout.university", "pk": 124, "fields": {"name": "دانشکده فنی شهید چمران کرمان", "logo": "", "type": 2}}, {"model": "handout.university", "pk": 125, "fields": {"name": "دانشکده فنی شهید باهنر", "logo": "", "type": 2}}, {"model": "handout.university", "pk": 126, "fields": {"name": "دانشکده فنی حرفه‌ای الزهرا(س) مشهد", "logo": "", "type": 2}}, {"model": "handout.university", "pk": 127, "fields": {"name": "دانشکده فنی سروش اصفهان", "logo": "", "type": 2}}, {"model": "handout.university", "pk": 129, "fields": {"name": "آموزشکده فنی و حرفه‌ای پسران خمین", "logo": "", "type": 2}}, {"model": "handout.university", "pk": 130, "fields": {"name": "دانشکده فنی پسران نجف آباد", "logo": "", "type": 2}}, {"model": "handout.university", "pk": 131, "fields": {"name": "دانشگاه علوم بهزیستی و توانبخشی", "logo": "", "type": 3}}, {"model": "handout.university", "pk": 132, "fields": {"name": "دانشگاه علوم پزشکی اراک", "logo": "", "type": 3}}, {"model": "handout.university", "pk": 133, "fields": {"name": "دانشگاه علوم پزشکی ارتش", "logo": "", "type": 3}}, {"model": "handout.university", "pk": 134, "fields": {"name": "دانشگاه علوم پزشکی اردبیل", "logo": "", "type": 3}}, {"model": "handout.university", "pk": 135, "fields": {"name": "دانشگاه علوم پزشکی ارومیه", "logo": "", "type": 3}}, {"model": "handout.university", "pk": 136, "fields": {"name": "دانشگاه علوم پزشکی اصفهان", "logo": "", "type": 3}}, {"model": "handout.university", "pk": 137, "fields": {"name": "دانشگاه علوم پزشکی البرز", "logo": "", "type": 3}}, {"model": "handout.university", "pk": 138, "fields": {"name": "دانشگاه علوم پزشکی ایران", "logo": "", "type": 3}}, {"model": "handout.university", "pk": 139, "fields": {"name": "دانشگاه علوم پزشکی ایرانشهر", "logo": "", "type": 3}}, {"model": "handout.university", "pk": 140, "fields": {"name": "دانشگاه علوم پزشکی ایلام", "logo": "", "type": 3}}, {"model": "handout.university", "pk": 141, "fields": {"name": "دانشگاه علوم پزشکی بابل", "logo": "", "type": 3}}, {"model": "handout.university", "pk": 142, "fields": {"name": "دانشگاه علوم پزشکی بقیةالله", "logo": "", "type": 3}}, {"model": "handout.university", "pk": 143, "fields": {"name": "دانشگاه علوم پزشکی بم", "logo": "", "type": 3}}, {"model": "handout.university", "pk": 144, "fields": {"name": "دانشگاه علوم پزشکی بوشهر", "logo": "", "type": 3}}, {"model": "handout.university", "pk": 145, "fields": {"name": "دانشگاه علوم پزشکی بیرجند", "logo": "", "type": 3}}, {"model": "handout.university", "pk": 146, "fields": {"name": "دانشگاه علوم پزشکی تبریز", "logo": "", "type": 3}}, {"model": "handout.university", "pk": 147, "fields": {"name": "دانشگاه علوم پزشکی تربت حیدریه", "logo": "", "type": 3}}, {"model": "handout.university", "pk": 148, "fields": {"name": "دانشگاه علوم پزشکی تهران", "logo": "", "type": 3}}, {"model": "handout.university", "pk": 149, "fields": {"name": "دانشگاه علوم پزشکی جندی‌شاپور اهواز", "logo": "", "type": 3}}, {"model": "handout.university", "pk": 150, "fields": {"name": "دانشگاه علوم پزشکی جهرم", "logo": "", "type": 3}}, {"model": "handout.university", "pk": 151, "fields": {"name": "دانشگاه علوم پزشکی جیرفت", "logo": "", "type": 3}}, {"model": "handout.university", "pk": 152, "fields": {"name": "دانشگاه علوم پزشکی خراسان شمالی", "logo": "", "type": 3}}, {"model": "handout.university", "pk": 153, "fields": {"name": "دانشگاه علوم پزشکی دزفول", "logo": "", "type": 3}}, {"model": "handout.university", "pk": 154, "fields": {"name": "دانشگاه علوم پزشکی رفسنجان", "logo": "", "type": 3}}, {"model": "handout.university", "pk": 155, "fields": {"name": "دانشگاه علوم پزشکی زابل", "logo": "", "type": 3}}, {"model": "handout.university", "pk": 156, "fields": {"name": "دانشگاه علوم پزشکی زاهدان", "logo": "", "type": 3}}, {"model": "handout.university", "pk": 157, "fields": {"name": "دانشگاه علوم پزشکی زنجان", "logo": "", "type": 3}}, {"model": "handout.university", "pk": 158, "fields": {"name": "دانشگاه علوم پزشکی سبزوار", "logo": "", "type": 3}}, {"model": "handout.university", "pk": 159, "fields": {"name": "دانشگاه علوم پزشکی سمنان", "logo": "", "type": 3}}, {"model": "handout.university", "pk": 160, "fields": {"name": "دانشگاه علوم پزشکی شاهد", "logo": "", "type": 3}}, {"model": "handout.university", "pk": 161, "fields": {"name": "دانشگاه علوم پزشکی شاهرود", "logo": "", "type": 3}}, {"model": "handout.university", "pk": 162, "fields": {"name": "دانشگاه علوم پزشکی شهرکرد", "logo": "", "type": 3}}, {"model": "handout.university", "pk": 163, "fields": {"name": "دانشگاه علوم پزشکی شهید بهشتی", "logo": "", "type": 3}}, {"model": "handout.university", "pk": 164, "fields": {"name": "دانشگاه علوم پزشکی شهید صدوقی یزد", "logo": "", "type": 3}}, {"model": "handout.university", "pk": 165, "fields": {"name": "دانشگاه علوم پزشکی شیراز", "logo": "", "type": 3}}, {"model": "handout.university", "pk": 166, "fields": {"name": "دانشگاه علوم پزشکی فسا", "logo": "", "type": 3}}, {"model": "handout.university", "pk": 167, "fields": {"name": "دانشگاه علوم پزشکی قزوین", "logo": "", "type": 3}}, {"model": "handout.university", "pk": 168, "fields": {"name": "دانشگاه علوم پزشکی قم", "logo": "", "type": 3}}, {"model": "handout.university", "pk": 169, "fields": {"name": "دانشگاه علوم پزشکی کاشان", "logo": "", "type": 3}}, {"model": "handout.university", "pk": 170, "fields": {"name": "دانشگاه علوم پزشکی کردستان", "logo": "", "type": 3}}, {"model": "handout.university", "pk": 171, "fields": {"name": "دانشگاه علوم پزشکی کرمان", "logo": "", "type": 3}}, {"model": "handout.university", "pk": 172, "fields": {"name": "دانشگاه علوم پزشکی کرمانشاه", "logo": "", "type": 3}}, {"model": "handout.university", "pk": 173, "fields": {"name": "دانشگاه علوم پزشکی گلستان", "logo": "", "type": 3}}, {"model": "handout.university", "pk": 174, "fields": {"name": "دانشگاه علوم پزشکی گناباد", "logo": "", "type": 3}}, {"model": "handout.university", "pk": 175, "fields": {"name": "دانشگاه علوم پزشکی گیلان", "logo": "", "type": 3}}, {"model": "handout.university", "pk": 176, "fields": {"name": "دانشگاه علوم پزشکی لرستان", "logo": "", "type": 3}}, {"model": "handout.university", "pk": 177, "fields": {"name": "دانشگاه علوم پزشکی مازندران", "logo": "", "type": 3}}, {"model": "handout.university", "pk": 178, "fields": {"name": "دانشگاه علوم پزشکی مشهد", "logo": "", "type": 3}}, {"model": "handout.university", "pk": 179, "fields": {"name": "دانشگاه علوم پزشکی هرمزگان", "logo": "", "type": 3}}, {"model": "handout.university", "pk": 180, "fields": {"name": "دانشگاه علوم پزشکی همدان", "logo": "", "type": 3}}, {"model": "handout.university", "pk": 181, "fields": {"name": "دانشگاه علوم پزشکی یاسوج", "logo": "", "type": 3}}, {"model": "handout.university", "pk": 182, "fields": {"name": "دانشکده علوم پزشکی آبادان", "logo": "", "type": 3}}, {"model": "handout.university", "pk": 183, "fields": {"name": "دانشکده علوم پزشکی اسدآباد", "logo": "", "type": 3}}, {"model": "handout.university", "pk": 184, "fields": {"name": "دانشکده علوم پزشکی اسفراین", "logo": "", "type": 3}}, {"model": "handout.university", "pk": 185, "fields": {"name": "دانشکده علوم پزشکی بهبهان", "logo": "", "type": 3}}, {"model": "handout.university", "pk": 186, "fields": {"name": "دانشکده علوم پزشکی تربت جام", "logo": "", "type": 3}}, {"model": "handout.university", "pk": 187, "fields": {"name": "دانشکده علوم پزشکی خلخال", "logo": "", "type": 3}}, {"model": "handout.university", "pk": 188, "fields": {"name": "دانشکده علوم پزشکی خمین", "logo": "", "type": 3}}, {"model": "handout.university", "pk": 189, "fields": {"name": "دانشکده علوم پزشکی خوی", "logo": "", "type": 3}}, {"model": "handout.university", "pk": 190, "fields": {"name": "دانشکده علوم پزشکی ساوه", "logo": "", "type": 3}}, {"model": "handout.university", "pk": 191, "fields": {"name": "دانشکده علوم پزشکی سراب", "logo": "", "type": 3}}, {"model": "handout.university", "pk": 192, "fields": {"name": "دانشکده علوم پزشکی سیرجان", "logo": "", "type": 3}}, {"model": "handout.university", "pk": 193, "fields": {"name": "دانشکده علوم پزشکی شوشتر", "logo": "", "type": 3}}, {"model": "handout.university", "pk": 194, "fields": {"name": "دانشکده علوم پزشکی گراش", "logo": "", "type": 3}}, {"model": "handout.university", "pk": 195, "fields": {"name": "دانشکده علوم پزشکی لارستان", "logo": "", "type": 3}}, {"model": "handout.university", "pk": 196, "fields": {"name": "دانشکده علوم پزشکی مراغه", "logo": "", "type": 3}}, {"model": "handout.university", "pk": 197, "fields": {"name": "دانشکده علوم پزشکی نیشابور", "logo": "", "type": 3}}, {"model": "handout.university", "pk": 198, "fields": {"name": "دانشگاه افسری امام علی", "logo": "", "type": 9}}, {"model": "handout.university", "pk": 199, "fields": {"name": "دانشگاه علوم و معارف قرآن کریم دانشگاه علوم قرآنی", "logo": "", "type": 9}}, {"model": "handout.university", "pk": 200, "fields": {"name": "دانشگاه اقلید", "logo": "", "type": 9}}, {"model": "handout.university", "pk": 201, "fields": {"name": "دانشگاه امام صادق", "logo": "", "type": 9}}, {"model": "handout.university", "pk": 202, "fields": {"name": "دانشگاه جامع امام حسین", "logo": "", "type": 9}}, {"model": "handout.university", "pk": 203, "fields": {"name": "دانشکده پست و مخابرات ایران", "logo": "", "type": 9}}, {"model": "handout.university", "pk": 204, "fields": {"name": "دانشگاه شهید مطهری", "logo": "", "type": 9}}, {"model": "handout.university", "pk": 205, "fields": {"name": "دانشکده صدا و سیما", "logo": "", "type": 9}}, {"model": "handout.university", "pk": 206, "fields": {"name": "دانشگاه صنایع و معادن ایران", "logo": "", "type": 9}}, {"model": "handout.university", "pk": 207, "fields": {"name": "دانشگاه صنعت نفت", "logo": "", "type": 9}}, {"model": "handout.university", "pk": 208, "fields": {"name": "دانشگاه صنعتی اردبیل", "logo": "", "type": 9}}, {"model": "handout.university", "pk": 209, "fields": {"name": "دانشگاه صنعتی سیستان و بلوچستان", "logo": "", "type": 9}}, {"model": "handout.university", "pk": 210, "fields": {"name": "دانشگاه صنعتی مالک اشتر", "logo": "", "type": 9}}, {"model": "handout.university", "pk": 211, "fields": {"name": "دانشگاه علوم انتظامی امین", "logo": "", "type": 9}}, {"model": "handout.university", "pk": 212, "fields": {"name": "دانشکده علوم سیاسی و، فرهنگ و ارتباطات شهید محلاتی (ره)", "logo": "", "type": 9}}, {"model": "handout.university", "pk": 213, "fields": {"name": "دانشکده علوم قضایی و خدمات اداری", "logo": "", "type": 9}}, {"model": "handout.university", "pk": 214, "fields": {"name": "دانشگاه علوم کشاورزی و منابع طبیعی ساری", "logo": "", "type": 9}}, {"model": "handout.university", "pk": 215, "fields": {"name": "دانشگاه علوم وفنون فارابی", "logo": "", "type": 9}}, {"model": "handout.university", "pk": 216, "fields": {"name": "دانشگاه مذاهب اسلامی", "logo": "", "type": 9}}, {"model": "handout.university", "pk": 217, "fields": {"name": "دانشگاه هوایی شهید ستاری", "logo": "", "type": 9}}, {"model": "handout.university", "pk": 218, "fields": {"name": "دانشکده فنی شهید شمسی پور", "logo": "", "type": 9}}, {"model": "handout.university", "pk": 219, "fields": {"name": "دانشکده فنی امام خمینی (ره) سبزوار", "logo": "", "type": 9}}, {"model": "handout.university", "pk": 220, "fields": {"name": "آموزشکده آمار و انفورماتیک", "logo": "", "type": 9}}, {"model": "handout.university", "pk": 221, "fields": {"name": "آموزشکده فنی پسران اراک", "logo": "", "type": 9}}, {"model": "handout.university", "pk": 222, "fields": {"name": "آموزشکده فنی پسران علی آبادکتول", "logo": "", "type": 9}}, {"model": "handout.university", "pk": 223, "fields": {"name": "آموزشکده فنی پسران گلپایگان", "logo": "", "type": 9}}, {"model": "handout.university", "pk": 224, "fields": {"name": "آموزشکده فنی علی ابن ابیطالب بم", "logo": "", "type": 9}}, {"model": "handout.university", "pk": 225, "fields": {"name": "آموزشکده فنی مهندسی ایلام", "logo": "", "type": 9}}, {"model": "handout.university", "pk": 226, "fields": {"name": "آموزشکده فنی پسران دزفول (دکتر عصاریان)", "logo": "", "type": 9}}, {"model": "handout.university", "pk": 227, "fields": {"name": "آموزشکده محیط زیست کرج", "logo": "", "type": 9}}, {"model": "handout.university", "pk": 228, "fields": {"name": "دانشگاه امام باقر", "logo": "", "type": 9}}, {"model": "handout.university", "pk": 229, "fields": {"name": "دانشکده تربیت دبیر فنی صومعه سرا", "logo": "", "type": 9}}, {"model": "handout.university", "pk": 230, "fields": {"name": "دانشکده حفاظت و بهداشت کار", "logo": "", "type": 9}}, {"model": "handout.university", "pk": 231, "fields": {"name": "دانشکده صنایع مخابرات ایران (شیراز)", "logo": "", "type": 9}}, {"model": "handout.university", "pk": 232, "fields": {"name": "دانشکده علمی کاربردی پست و مخابرات", "logo": "", "type": 9}}, {"model": "handout.university", "pk": 233, "fields": {"name": "دانشکده فنی انقلاب اسلامی", "logo": "", "type": 9}}, {"model": "handout.university", "pk": 234, "fields": {"name": "دانشکده فنی پسران نیشابور", "logo": "", "type": 9}}, {"model": "handout.university", "pk": 235, "fields": {"name": "دانشکده فنی دکتر شریعتی", "logo": "", "type": 9}}, {"model": "handout.university", "pk": 236, "fields": {"name": "دانشکده فنی ولیعصر (عج) تهران", "logo": "", "type": 9}}, {"model": "handout.university", "pk": 237, "fields": {"name": "دانشکده فنی ملاصدرا رامسر", "logo": "", "type": 9}}, {"model": "handout.university", "pk": 238, "fields": {"name": "دانشکده فنی مهندسی ثامن الحجج (ع) مشهد", "logo": "", "type": 9}}, {"model": "handout.university", "pk": 239, "fields": {"name": "دانشکده فنی مهندسی شهید محمد منتظری مشهد", "logo": "", "type": 9}}, {"model": "handout.university", "pk": 240, "fields": {"name": "دانشکده فنی مهندسی علی‌آباد کتول", "logo": "", "type": 9}}, {"model": "handout.university", "pk": 241, "fields": {"name": "دانشکده فنی شهید مهاجر", "logo": "", "type": 9}}, {"model": "handout.university", "pk": 242, "fields": {"name": "پژوهشکده محیط زیست و توسعه پایدار", "logo": "", "type": 9}}, {"model": "handout.university", "pk": 243, "fields": {"name": "دانشکده کشاورزی شهید رجایی نیشابور", "logo": "", "type": 9}}, {"model": "handout.university", "pk": 245, "fields": {"name": "دانشکده و آموزشکده دختران آمل", "logo": "", "type": 9}}, {"model": "handout.university", "pk": 246, "fields": {"name": "مرکز آموزش عالی تربیت مربی عقیدتی سیاسی", "logo": "", "type": 9}}, {"model": "handout.university", "pk": 247, "fields": {"name": "مرکز آموزش عالی فنی الغدیر زنجان", "logo": "", "type": 9}}, {"model": "handout.university", "pk": 248, "fields": {"name": "مرکز بین‌المللی علوم و تکنولوژی پیشرفته و علوم محیطی کرمان", "logo": "", "type": 9}}, {"model": "handout.university", "pk": 249, "fields": {"name": "دانشگاه فرهنگیان", "logo": "", "type": 9}}, {"model": "handout.university", "pk": 250, "fields": {"name": "دانشگاه آزاد اسلامی آبدانان", "logo": "", "type": 4}}, {"model": "handout.university", "pk": 251, "fields": {"name": "دانشگاه آزاد اسلامی واحد زرقان", "logo": "", "type": 4}}, {"model": "handout.university", "pk": 252, "fields": {"name": "دانشگاه آزاد اسلامی واحد ممقان", "logo": "", "type": 4}}, {"model": "handout.university", "pk": 253, "fields": {"name": "دانشگاه آزاد اسلامی واحد خدابنده", "logo": "", "type": 4}}, {"model": "handout.university", "pk": 254, "fields": {"name": "دانشگاه آزاد اسلامی واحد جهرم", "logo": "", "type": 4}}, {"model": "handout.university", "pk": 255, "fields": {"name": "دانشگاه آزاد اسلامی واحد جیرفت", "logo": "", "type": 4}}, {"model": "handout.university", "pk": 256, "fields": {"name": "دانشگاه آزاد اسلامی واحد شهریار", "logo": "", "type": 4}}, {"model": "handout.university", "pk": 257, "fields": {"name": "دانشگاه آزاد اسلامی ابرکوه", "logo": "", "type": 4}}, {"model": "handout.university", "pk": 258, "fields": {"name": "دانشگاه آزاد اسلامی اوز (لارستان)", "logo": "", "type": 4}}, {"model": "handout.university", "pk": 259, "fields": {"name": "دانشگاه آزاد اسلامی اقلید", "logo": "", "type": 4}}, {"model": "handout.university", "pk": 260, "fields": {"name": "دانشگاه آزاد اسلامی آزادشهر", "logo": "", "type": 4}}, {"model": "handout.university", "pk": 261, "fields": {"name": "دانشگاه آزاد اسلامی آشتیان", "logo": "", "type": 4}}, {"model": "handout.university", "pk": 262, "fields": {"name": "دانشگاه آزاد اسلامی واحد آیت‌الله آملی", "logo": "", "type": 4}}, {"model": "handout.university", "pk": 263, "fields": {"name": "دانشگاه آزاد اسلامی ابهر", "logo": "", "type": 4}}, {"model": "handout.university", "pk": 264, "fields": {"name": "دانشگاه آزاد اسلامی اراک", "logo": "", "type": 4}}, {"model": "handout.university", "pk": 265, "fields": {"name": "دانشگاه آزاد اسلامی اردبیل", "logo": "", "type": 4}}, {"model": "handout.university", "pk": 266, "fields": {"name": "دانشگاه آزاد اسلامی ارومیه", "logo": "", "type": 4}}, {"model": "handout.university", "pk": 267, "fields": {"name": "دانشگاه آزاد اسلامی ارسنجان", "logo": "", "type": 4}}, {"model": "handout.university", "pk": 268, "fields": {"name": "دانشگاه آزاد اسلامی خوراسگان", "logo": "", "type": 4}}, {"model": "handout.university", "pk": 269, "fields": {"name": "دانشگاه آزاد اسلامی اسفراین", "logo": "", "type": 4}}, {"model": "handout.university", "pk": 270, "fields": {"name": "دانشگاه آزاد اسلامی اسکو", "logo": "", "type": 4}}, {"model": "handout.university", "pk": 271, "fields": {"name": "دانشگاه آزاد اسلامی اسلامشهر", "logo": "", "type": 4}}, {"model": "handout.university", "pk": 272, "fields": {"name": "دانشگاه آزاد اسلامی الیگودرز", "logo": "", "type": 4}}, {"model": "handout.university", "pk": 273, "fields": {"name": "دانشگاه آزاد اسلامی امیدیه", "logo": "", "type": 4}}, {"model": "handout.university", "pk": 274, "fields": {"name": "دانشگاه آزاد اسلامی اهر", "logo": "", "type": 4}}, {"model": "handout.university", "pk": 275, "fields": {"name": "دانشگاه آزاد اسلامی واحد میانه", "logo": "", "type": 4}}, {"model": "handout.university", "pk": 276, "fields": {"name": "دانشگاه آزاد اسلامی اهواز", "logo": "", "type": 4}}, {"model": "handout.university", "pk": 277, "fields": {"name": "دانشگاه آزاد اسلامی ایذه", "logo": "", "type": 4}}, {"model": "handout.university", "pk": 278, "fields": {"name": "دانشگاه آزاد اسلامی ایلام", "logo": "", "type": 4}}, {"model": "handout.university", "pk": 279, "fields": {"name": "دانشگاه آزاد اسلامی بابل", "logo": "", "type": 4}}, {"model": "handout.university", "pk": 280, "fields": {"name": "دانشگاه آزاد اسلامی بندرانزلی", "logo": "", "type": 4}}, {"model": "handout.university", "pk": 281, "fields": {"name": "دانشگاه آزاد اسلامی بجنورد", "logo": "", "type": 4}}, {"model": "handout.university", "pk": 282, "fields": {"name": "دانشگاه آزاد اسلامی واحد بردسکن", "logo": "", "type": 4}}, {"model": "handout.university", "pk": 283, "fields": {"name": "دانشگاه آزاد اسلامی بروجرد", "logo": "", "type": 4}}, {"model": "handout.university", "pk": 284, "fields": {"name": "دانشگاه آزاد اسلامی بندرگز", "logo": "", "type": 4}}, {"model": "handout.university", "pk": 285, "fields": {"name": "دانشگاه آزاد اسلامی بوئین زهرا", "logo": "", "type": 4}}, {"model": "handout.university", "pk": 286, "fields": {"name": "دانشگاه آزاد اسلامی بهارستان", "logo": "", "type": 4}}, {"model": "handout.university", "pk": 287, "fields": {"name": "دانشگاه آزاد اسلامی بهبهان", "logo": "", "type": 4}}, {"model": "handout.university", "pk": 288, "fields": {"name": "دانشگاه آزاد اسلامی بهشهر", "logo": "", "type": 4}}, {"model": "handout.university", "pk": 289, "fields": {"name": "دانشگاه آزاد اسلامی بیرجند", "logo": "", "type": 4}}, {"model": "handout.university", "pk": 290, "fields": {"name": "دانشگاه آزاد اسلامی پردیس", "logo": "", "type": 4}}, {"model": "handout.university", "pk": 291, "fields": {"name": "دانشگاه آزاد اسلامی پارس‌آباد", "logo": "", "type": 4}}, {"model": "handout.university", "pk": 292, "fields": {"name": "دانشگاه آزاد اسلامی پرند", "logo": "", "type": 4}}, {"model": "handout.university", "pk": 293, "fields": {"name": "دانشگاه آزاد اسلامی تاکستان", "logo": "", "type": 4}}, {"model": "handout.university", "pk": 294, "fields": {"name": "دانشگاه آزاد اسلامی تبریز", "logo": "", "type": 4}}, {"model": "handout.university", "pk": 295, "fields": {"name": "دانشگاه آزاد اسلامی تربت حیدریه", "logo": "", "type": 4}}, {"model": "handout.university", "pk": 296, "fields": {"name": "دانشگاه آزاد اسلامی تفرش", "logo": "", "type": 4}}, {"model": "handout.university", "pk": 297, "fields": {"name": "دانشگاه آزاد اسلامی تنکابن", "logo": "", "type": 4}}, {"model": "handout.university", "pk": 298, "fields": {"name": "دانشگاه آزاد اسلامی تویسرکان", "logo": "", "type": 4}}, {"model": "handout.university", "pk": 299, "fields": {"name": "دانشگاه آزاد اسلامی واحد پزشکی تهران", "logo": "", "type": 4}}, {"model": "handout.university", "pk": 300, "fields": {"name": "دانشگاه آزاد اسلامی واحد تهران مرکزی", "logo": "", "type": 4}}, {"model": "handout.university", "pk": 301, "fields": {"name": "دانشگاه آزاد اسلامی واحد تهران غرب", "logo": "", "type": 4}}, {"model": "handout.university", "pk": 302, "fields": {"name": "دانشگاه آزاد اسلامی واحد تهران شرق", "logo": "", "type": 4}}, {"model": "handout.university", "pk": 303, "fields": {"name": "دانشگاه آزاد اسلامی واحد تهران شمال", "logo": "", "type": 4}}, {"model": "handout.university", "pk": 304, "fields": {"name": "دانشگاه آزاد اسلامی واحد علوم و تحقیقات تهران", "logo": "", "type": 4}}, {"model": "handout.university", "pk": 305, "fields": {"name": "دانشگاه آزاد اسلامی واحد تهران جنوب", "logo": "", "type": 4}}, {"model": "handout.university", "pk": 306, "fields": {"name": "دانشگاه آزاد اسلامی واحد تیران", "logo": "", "type": 4}}, {"model": "handout.university", "pk": 307, "fields": {"name": "دانشگاه آزاد اسلامی واحد چالوس", "logo": "", "type": 4}}, {"model": "handout.university", "pk": 308, "fields": {"name": "دانشگاه آزاد اسلامی خرم‌آباد", "logo": "", "type": 4}}, {"model": "handout.university", "pk": 309, "fields": {"name": "دانشگاه آزاد اسلامی واحد خوی", "logo": "", "type": 4}}, {"model": "handout.university", "pk": 310, "fields": {"name": "دانشگاه آزاد اسلامی دامغان", "logo": "", "type": 4}}, {"model": "handout.university", "pk": 311, "fields": {"name": "دانشگاه آزاد اسلامی دزفول", "logo": "", "type": 4}}, {"model": "handout.university", "pk": 312, "fields": {"name": "دانشگاه آزاد اسلامی دماوند", "logo": "", "type": 4}}, {"model": "handout.university", "pk": 313, "fields": {"name": "دانشگاه آزاد اسلامی دولت‌آباد", "logo": "", "type": 4}}, {"model": "handout.university", "pk": 314, "fields": {"name": "دانشگاه آزاد اسلامی دورود", "logo": "", "type": 4}}, {"model": "handout.university", "pk": 315, "fields": {"name": "دانشگاه آزاد اسلامی دهاقان", "logo": "", "type": 4}}, {"model": "handout.university", "pk": 316, "fields": {"name": "دانشگاه آزاد اسلامی دهلران", "logo": "", "type": 4}}, {"model": "handout.university", "pk": 317, "fields": {"name": "دانشگاه آزاد اسلامی رامهرمز", "logo": "", "type": 4}}, {"model": "handout.university", "pk": 318, "fields": {"name": "دانشگاه آزاد اسلامی رودهن", "logo": "", "type": 4}}, {"model": "handout.university", "pk": 319, "fields": {"name": "دانشگاه آزاد اسلامی زنجان", "logo": "", "type": 4}}, {"model": "handout.university", "pk": 320, "fields": {"name": "دانشگاه آزاد اسلامی ساری", "logo": "", "type": 4}}, {"model": "handout.university", "pk": 321, "fields": {"name": "دانشگاه آزاد اسلامی ساوه", "logo": "", "type": 4}}, {"model": "handout.university", "pk": 322, "fields": {"name": "دانشگاه آزاد اسلامی سبزوار", "logo": "", "type": 4}}, {"model": "handout.university", "pk": 323, "fields": {"name": "دانشگاه آزاد اسلامی سپیدان", "logo": "", "type": 4}}, {"model": "handout.university", "pk": 324, "fields": {"name": "دانشگاه آزاد اسلامی سروستان", "logo": "", "type": 4}}, {"model": "handout.university", "pk": 325, "fields": {"name": "دانشگاه آزاد اسلامی سلماس", "logo": "", "type": 4}}, {"model": "handout.university", "pk": 326, "fields": {"name": "دانشگاه آزاد اسلامی سمنان", "logo": "", "type": 4}}, {"model": "handout.university", "pk": 327, "fields": {"name": "دانشگاه آزاد اسلامی سنقر", "logo": "", "type": 4}}, {"model": "handout.university", "pk": 328, "fields": {"name": "دانشگاه آزاد اسلامی سنندج", "logo": "", "type": 4}}, {"model": "handout.university", "pk": 329, "fields": {"name": "دانشگاه آزاد اسلامی شاهرود", "logo": "", "type": 4}}, {"model": "handout.university", "pk": 330, "fields": {"name": "دانشگاه آزاد اسلامی شبستر", "logo": "", "type": 4}}, {"model": "handout.university", "pk": 331, "fields": {"name": "دانشگاه آزاد اسلامی شوشتر", "logo": "", "type": 4}}, {"model": "handout.university", "pk": 332, "fields": {"name": "دانشگاه آزاد اسلامی شهرری", "logo": "", "type": 4}}, {"model": "handout.university", "pk": 333, "fields": {"name": "دانشگاه آزاد اسلامی شهرضا", "logo": "", "type": 4}}, {"model": "handout.university", "pk": 334, "fields": {"name": "دانشگاه آزاد اسلامی شهر مجلسی", "logo": "", "type": 4}}, {"model": "handout.university", "pk": 335, "fields": {"name": "دانشگاه آزاد اسلامی شهر قدس", "logo": "", "type": 4}}, {"model": "handout.university", "pk": 336, "fields": {"name": "دانشگاه آزاد اسلامی شیراز", "logo": "", "type": 4}}, {"model": "handout.university", "pk": 337, "fields": {"name": "دانشگاه آزاد اسلامی شیروان", "logo": "", "type": 4}}, {"model": "handout.university", "pk": 338, "fields": {"name": "دانشگاه آزاد اسلامی علی‌آباد کتول", "logo": "", "type": 4}}, {"model": "handout.university", "pk": 339, "fields": {"name": "دانشگاه آزاد اسلامی فسا", "logo": "", "type": 4}}, {"model": "handout.university", "pk": 340, "fields": {"name": "دانشگاه آزاد اسلامی فردوس", "logo": "", "type": 4}}, {"model": "handout.university", "pk": 341, "fields": {"name": "دانشگاه آزاد اسلامی فیروزکوه", "logo": "", "type": 4}}, {"model": "handout.university", "pk": 342, "fields": {"name": "دانشگاه آزاد اسلامی قائمشهر", "logo": "", "type": 4}}, {"model": "handout.university", "pk": 343, "fields": {"name": "دانشگاه آزاد اسلامی قزوین", "logo": "", "type": 4}}, {"model": "handout.university", "pk": 344, "fields": {"name": "دانشگاه آزاد اسلامی واحد قم", "logo": "", "type": 4}}, {"model": "handout.university", "pk": 345, "fields": {"name": "دانشگاه آزاد اسلامی کاشان", "logo": "", "type": 4}}, {"model": "handout.university", "pk": 346, "fields": {"name": "دانشگاه آزاد اسلامی کازرون", "logo": "", "type": 4}}, {"model": "handout.university", "pk": 347, "fields": {"name": "دانشگاه آزاد اسلامی کرج", "logo": "", "type": 4}}, {"model": "handout.university", "pk": 348, "fields": {"name": "دانشگاه آزاد اسلامی کرمان", "logo": "", "type": 4}}, {"model": "handout.university", "pk": 349, "fields": {"name": "دانشگاه آزاد اسلامی کرمانشاه", "logo": "", "type": 4}}, {"model": "handout.university", "pk": 350, "fields": {"name": "دانشگاه آزاد اسلامی گرگان", "logo": "", "type": 4}}, {"model": "handout.university", "pk": 351, "fields": {"name": "دانشگاه آزاد اسلامی واحد گرمسار", "logo": "", "type": 4}}, {"model": "handout.university", "pk": 352, "fields": {"name": "دانشگاه آزاد اسلامی واحد گناباد", "logo": "", "type": 4}}, {"model": "handout.university", "pk": 353, "fields": {"name": "دانشگاه آزاد اسلامی لاهیجان", "logo": "", "type": 4}}, {"model": "handout.university", "pk": 354, "fields": {"name": "دانشگاه آزاد اسلامی ماکو", "logo": "", "type": 4}}, {"model": "handout.university", "pk": 355, "fields": {"name": "دانشگاه آزاد اسلامی مرودشت", "logo": "", "type": 4}}, {"model": "handout.university", "pk": 356, "fields": {"name": "دانشگاه آزاد اسلامی واحد ملایر", "logo": "", "type": 4}}, {"model": "handout.university", "pk": 357, "fields": {"name": "دانشگاه آزاد اسلامی واحد ملارد", "logo": "", "type": 4}}, {"model": "handout.university", "pk": 358, "fields": {"name": "دانشگاه آزاد اسلامی مسجدسلیمان", "logo": "", "type": 4}}, {"model": "handout.university", "pk": 359, "fields": {"name": "دانشگاه آزاد اسلامی مشهد", "logo": "", "type": 4}}, {"model": "handout.university", "pk": 360, "fields": {"name": "دانشگاه آزاد اسلامی واحد مهاباد", "logo": "", "type": 4}}, {"model": "handout.university", "pk": 361, "fields": {"name": "دانشگاه آزاد اسلامی مهدی‌شهر", "logo": "", "type": 4}}, {"model": "handout.university", "pk": 362, "fields": {"name": "دانشگاه آزاد اسلامی میبد", "logo": "", "type": 4}}, {"model": "handout.university", "pk": 363, "fields": {"name": "دانشگاه آزاد اسلامی نجف آباد", "logo": "", "type": 4}}, {"model": "handout.university", "pk": 364, "fields": {"name": "دانشگاه آزاد اسلامی مرکز بین‌المللی خلیج فارس", "logo": "", "type": 4}}, {"model": "handout.university", "pk": 365, "fields": {"name": "دانشگاه آزاد اسلامی نراق", "logo": "", "type": 4}}, {"model": "handout.university", "pk": 366, "fields": {"name": "دانشگاه آزاد اسلامی واحد نهاوند", "logo": "", "type": 4}}, {"model": "handout.university", "pk": 367, "fields": {"name": "دانشگاه آزاد اسلامی واحد نور", "logo": "", "type": 4}}, {"model": "handout.university", "pk": 368, "fields": {"name": "دانشگاه آزاد اسلامی واحد نوشهر", "logo": "", "type": 4}}, {"model": "handout.university", "pk": 369, "fields": {"name": "دانشگاه آزاد اسلامی نی‌ریز", "logo": "", "type": 4}}, {"model": "handout.university", "pk": 370, "fields": {"name": "دانشگاه آزاد اسلامی نیشابور", "logo": "", "type": 4}}, {"model": "handout.university", "pk": 371, "fields": {"name": "دانشگاه آزاد اسلامی ورامین و پیشوا", "logo": "", "type": 4}}, {"model": "handout.university", "pk": 372, "fields": {"name": "دانشگاه آزاد اسلامی واحد هرند (اصفهان)", "logo": "", "type": 4}}, {"model": "handout.university", "pk": 373, "fields": {"name": "دانشگاه آزاد اسلامی همدان", "logo": "", "type": 4}}, {"model": "handout.university", "pk": 374, "fields": {"name": "دانشگاه آزاد اسلامی گنبدکاووس", "logo": "", "type": 4}}, {"model": "handout.university", "pk": 375, "fields": {"name": "دانشگاه آزاد اسلامی هیدج", "logo": "", "type": 4}}, {"model": "handout.university", "pk": 376, "fields": {"name": "دانشگاه آزاد اسلامی واحد یاسوج", "logo": "", "type": 4}}, {"model": "handout.university", "pk": 377, "fields": {"name": "دانشگاه آزاد اسلامی واحد یزد", "logo": "", "type": 4}}, {"model": "handout.university", "pk": 378, "fields": {"name": "دانشگاه آزاد اسلامی واحد جویبار", "logo": "", "type": 4}}, {"model": "handout.university", "pk": 379, "fields": {"name": "دانشکده سما واحد ممقان", "logo": "", "type": 5}}, {"model": "handout.university", "pk": 380, "fields": {"name": "دانشکده سما واحد اهواز", "logo": "", "type": 5}}, {"model": "handout.university", "pk": 381, "fields": {"name": "دانشکده سما واحد جهرم", "logo": "", "type": 5}}, {"model": "handout.university", "pk": 382, "fields": {"name": "دانشکده سما واحد ملایر", "logo": "", "type": 5}}, {"model": "handout.university", "pk": 383, "fields": {"name": "دانشکده سما واحد اقلید", "logo": "", "type": 5}}, {"model": "handout.university", "pk": 384, "fields": {"name": "دانشکده سما واحد مهاباد", "logo": "", "type": 5}}, {"model": "handout.university", "pk": 385, "fields": {"name": "دانشکده سما واحد اردبیل", "logo": "", "type": 5}}, {"model": "handout.university", "pk": 386, "fields": {"name": "دانشکده سما واحد ارسنجان", "logo": "", "type": 5}}, {"model": "handout.university", "pk": 387, "fields": {"name": "دانشکده سما واحد پاکدشت", "logo": "", "type": 5}}, {"model": "handout.university", "pk": 388, "fields": {"name": "دانشکده سما واحد تهران", "logo": "", "type": 5}}, {"model": "handout.university", "pk": 389, "fields": {"name": "دانشکده سما واحد خرم‌آباد", "logo": "", "type": 5}}, {"model": "handout.university", "pk": 390, "fields": {"name": "دانشکده سما واحد یاسوج", "logo": "", "type": 5}}, {"model": "handout.university", "pk": 391, "fields": {"name": "دانشکده سما واحد بندرعباس", "logo": "", "type": 5}}, {"model": "handout.university", "pk": 392, "fields": {"name": "دانشکده سما واحد علی‌آباد کتول", "logo": "", "type": 5}}, {"model": "handout.university", "pk": 393, "fields": {"name": "دانشکده سما واحد رودهن", "logo": "", "type": 5}}, {"model": "handout.university", "pk": 394, "fields": {"name": "دانشکده سما واحد ساوه", "logo": "", "type": 5}}, {"model": "handout.university", "pk": 395, "fields": {"name": "دانشکده سما واحد سمنان", "logo": "", "type": 5}}, {"model": "handout.university", "pk": 396, "fields": {"name": "دانشکده سما واحد سیاهکل", "logo": "", "type": 5}}, {"model": "handout.university", "pk": 397, "fields": {"name": "دانشکده سما واحد نیشابور", "logo": "", "type": 5}}, {"model": "handout.university", "pk": 398, "fields": {"name": "دانشکده سما واحد کازرون", "logo": "", "type": 5}}, {"model": "handout.university", "pk": 399, "fields": {"name": "دانشگاه سما واحد خمین", "logo": "", "type": 5}}, {"model": "handout.university", "pk": 400, "fields": {"name": "دانشکده سما واحد آمل", "logo": "", "type": 5}}, {"model": "handout.university", "pk": 401, "fields": {"name": "دانشگاه علوم اسلامی رضوی", "logo": "", "type": 6}}, {"model": "handout.university", "pk": 402, "fields": {"name": "مؤسسه آموزش عالی خاتم", "logo": "", "type": 6}}, {"model": "handout.university", "pk": 403, "fields": {"name": "دانشگاه آل طه", "logo": "", "type": 6}}, {"model": "handout.university", "pk": 404, "fields": {"name": "دانشگاه ابرار", "logo": "", "type": 6}}, {"model": "handout.university", "pk": 405, "fields": {"name": "مؤسسه آموزش مولانا", "logo": "", "type": 6}}, {"model": "handout.university", "pk": 406, "fields": {"name": "مؤسسه آموزش عالی غیاث الدین جمشید کاشانی", "logo": "", "type": 6}}, {"model": "handout.university", "pk": 407, "fields": {"name": "دانشگاه غیرانتفاعی صدرالمتالهین (صدرا)", "logo": "", "type": 6}}, {"model": "handout.university", "pk": 408, "fields": {"name": "مؤسسه آموزش عالی میرعماد قزوین", "logo": "", "type": 6}}, {"model": "handout.university", "pk": 409, "fields": {"name": "مؤسسه آموزش عالی ادیبان", "logo": "", "type": 6}}, {"model": "handout.university", "pk": 410, "fields": {"name": "مؤسسه آموزش عالی علوم و توسعه آریا", "logo": "", "type": 6}}, {"model": "handout.university", "pk": 411, "fields": {"name": "مؤسسه آموزش عالی غیرانتفاعی تعالی", "logo": "", "type": 6}}, {"model": "handout.university", "pk": 412, "fields": {"name": "مؤسسه آموزش عالی طلوع مهر قم", "logo": "", "type": 6}}, {"model": "handout.university", "pk": 413, "fields": {"name": "دانشکده آمار و انفورماتیک سازمان سنجش آموزش کشور", "logo": "", "type": 6}}, {"model": "handout.university", "pk": 414, "fields": {"name": "دانشگاه ادیان و مذاهب", "logo": "", "type": 6}}, {"model": "handout.university", "pk": 415, "fields": {"name": "دانشگاه غیرانتفاعی اندیشه", "logo": "", "type": 6}}, {"model": "handout.university", "pk": 416, "fields": {"name": "دانشگاه غیرانتفاعی هیمن", "logo": "", "type": 6}}, {"model": "handout.university", "pk": 417, "fields": {"name": "دانشکده اصول الدین", "logo": "", "type": 6}}, {"model": "handout.university", "pk": 418, "fields": {"name": "دانشگاه رایانه‌ای تهران", "logo": "", "type": 6}}, {"model": "handout.university", "pk": 419, "fields": {"name": "دانشکده علوم حدیث", "logo": "", "type": 6}}, {"model": "handout.university", "pk": 420, "fields": {"name": "دانشکده معارف قرآنی اصفهان", "logo": "", "type": 6}}, {"model": "handout.university", "pk": 421, "fields": {"name": "دانشگاه باقرالعلوم", "logo": "", "type": 6}}, {"model": "handout.university", "pk": 422, "fields": {"name": "دانشگاه بین‌المللی امام رضا", "logo": "", "type": 6}}, {"model": "handout.university", "pk": 423, "fields": {"name": "دانشگاه شیخ بهایی", "logo": "", "type": 6}}, {"model": "handout.university", "pk": 424, "fields": {"name": "دانشگاه شمال - آمل", "logo": "", "type": 6}}, {"model": "handout.university", "pk": 425, "fields": {"name": "دانشگاه علم و فرهنگ", "logo": "", "type": 6}}, {"model": "handout.university", "pk": 426, "fields": {"name": "دانشگاه علوم و فنون مازندران", "logo": "", "type": 6}}, {"model": "handout.university", "pk": 427, "fields": {"name": "دانشگاه علامه محدث نوری", "logo": "", "type": 6}}, {"model": "handout.university", "pk": 428, "fields": {"name": "دانشگاه مفید", "logo": "", "type": 6}}, {"model": "handout.university", "pk": 429, "fields": {"name": "مؤسسه آموزش عالی ناصر خسرو- اتوبان ساوه - تهران کیلومتر 6", "logo": "", "type": 6}}, {"model": "handout.university", "pk": 430, "fields": {"name": "مؤسسه آموزش عالی میزان تبریز", "logo": "", "type": 6}}, {"model": "handout.university", "pk": 431, "fields": {"name": "مؤسسه آموزش عالی آرادان", "logo": "", "type": 6}}, {"model": "handout.university", "pk": 432, "fields": {"name": "مؤسسه آموزش عالی ایوانکی", "logo": "", "type": 6}}, {"model": "handout.university", "pk": 433, "fields": {"name": "مرکز آموزش عالی شرکت داده پردازی ایران", "logo": "", "type": 6}}, {"model": "handout.university", "pk": 434, "fields": {"name": "مؤسسه آموزش عالی مولانا (آبیک)", "logo": "", "type": 6}}, {"model": "handout.university", "pk": 435, "fields": {"name": "مؤسسه آموزش عالی آبا(آبیک)", "logo": "", "type": 6}}, {"model": "handout.university", "pk": 436, "fields": {"name": "مؤسسه آموزش عالی غیاث الدین جمشید کاشانی(آبیک)", "logo": "", "type": 6}}, {"model": "handout.university", "pk": 437, "fields": {"name": "مؤسسه آموزش عالی آمل - آمل", "logo": "", "type": 6}}, {"model": "handout.university", "pk": 438, "fields": {"name": "مؤسسه آموزش عالی ادیب مازندران", "logo": "", "type": 6}}, {"model": "handout.university", "pk": 439, "fields": {"name": "مؤسسه آموزش عالی ادیبان یزد", "logo": "", "type": 6}}, {"model": "handout.university", "pk": 440, "fields": {"name": "مؤسسه آموزش عالی شرق گلستان", "logo": "", "type": 6}}, {"model": "handout.university", "pk": 441, "fields": {"name": "مؤسسه آموزش عالی شمس گنبدکاووس", "logo": "", "type": 6}}, {"model": "handout.university", "pk": 442, "fields": {"name": "مؤسسه آموزش عالی اسرار مشهد", "logo": "", "type": 6}}, {"model": "handout.university", "pk": 443, "fields": {"name": "مؤسسه آموزش عالی اقبال لاهوری مشهد", "logo": "", "type": 6}}, {"model": "handout.university", "pk": 444, "fields": {"name": "مؤسسه آموزش عالی باختر ایلام", "logo": "", "type": 6}}, {"model": "handout.university", "pk": 445, "fields": {"name": "مؤسسه آموزش عالی سفیر دانش ایلام", "logo": "", "type": 6}}, {"model": "handout.university", "pk": 446, "fields": {"name": "مؤسسه آموزش عالی بعثت کرمان", "logo": "", "type": 6}}, {"model": "handout.university", "pk": 447, "fields": {"name": "مؤسسه آموزش عالی بهار مشهد", "logo": "", "type": 6}}, {"model": "handout.university", "pk": 448, "fields": {"name": "مؤسسه آموزش عالی پارسا بابلسر", "logo": "", "type": 6}}, {"model": "handout.university", "pk": 449, "fields": {"name": "مؤسسه آموزش عالی پارسیان", "logo": "", "type": 6}}, {"model": "handout.university", "pk": 450, "fields": {"name": "مؤسسه آموزش عالی پارس رضوی گناباد", "logo": "", "type": 6}}, {"model": "handout.university", "pk": 451, "fields": {"name": "مؤسسه آموزش عالی پویا - یاسوج", "logo": "", "type": 6}}, {"model": "handout.university", "pk": 452, "fields": {"name": "مؤسسه آموزش عالی پیام گلپایگان", "logo": "", "type": 6}}, {"model": "handout.university", "pk": 453, "fields": {"name": "مؤسسه آموزش عالی تابران - مشهد", "logo": "", "type": 6}}, {"model": "handout.university", "pk": 454, "fields": {"name": "مؤسسه آموزش عالی توسعه دانش سنندج", "logo": "", "type": 6}}, {"model": "handout.university", "pk": 455, "fields": {"name": "مؤسسه آموزش عالی ثامن نیشابور", "logo": "", "type": 6}}, {"model": "handout.university", "pk": 456, "fields": {"name": "مؤسسه آموزش عالی جابر بن حیان-رشت", "logo": "", "type": 6}}, {"model": "handout.university", "pk": 457, "fields": {"name": "مؤسسه آموزش عالی جامی", "logo": "", "type": 6}}, {"model": "handout.university", "pk": 458, "fields": {"name": "مؤسسه آموزش عالی جاوید جیرفت", "logo": "", "type": 6}}, {"model": "handout.university", "pk": 459, "fields": {"name": "مؤسسهٔ آموزش عالی جهاد دانشگاهی خوزستان", "logo": "", "type": 6}}, {"model": "handout.university", "pk": 460, "fields": {"name": "مؤسسه آموزش عالی جهاد دانشگاهی استان یزد", "logo": "", "type": 6}}, {"model": "handout.university", "pk": 461, "fields": {"name": "مؤسسه آموزش عالی حکمت قم", "logo": "", "type": 6}}, {"model": "handout.university", "pk": 462, "fields": {"name": "مؤسسه آموزش عالی خاوران مشهد", "logo": "", "type": 6}}, {"model": "handout.university", "pk": 463, "fields": {"name": "مؤسسه آموزش عالی خراسان", "logo": "", "type": 6}}, {"model": "handout.university", "pk": 464, "fields": {"name": "مؤسسه آموزش عالی خرد گرایان مطهر مشهد", "logo": "", "type": 6}}, {"model": "handout.university", "pk": 465, "fields": {"name": "مؤسسه آموزش عالی خیام مشهد", "logo": "", "type": 6}}, {"model": "handout.university", "pk": 466, "fields": {"name": "مؤسسه آموزش عالی دارالعلم یزد", "logo": "", "type": 6}}, {"model": "handout.university", "pk": 467, "fields": {"name": "مؤسسه آموزش عالی دانش پژوهان", "logo": "", "type": 6}}, {"model": "handout.university", "pk": 468, "fields": {"name": "مؤسسه آموزش عالی دانشوران تبریز", "logo": "", "type": 6}}, {"model": "handout.university", "pk": 469, "fields": {"name": "مؤسسه آموزش عالی رجا قزوین", "logo": "", "type": 6}}, {"model": "handout.university", "pk": 470, "fields": {"name": "مؤسسه آموزش عالی رسام", "logo": "", "type": 6}}, {"model": "handout.university", "pk": 471, "fields": {"name": "مؤسسه آموزش عالی راه دانش بابل", "logo": "", "type": 6}}, {"model": "handout.university", "pk": 472, "fields": {"name": "مؤسسه آموزش عالی رشدیه -تبریز", "logo": "", "type": 6}}, {"model": "handout.university", "pk": 473, "fields": {"name": "مؤسسه آموزش عالی روزبه زنجان", "logo": "", "type": 6}}, {"model": "handout.university", "pk": 474, "fields": {"name": "مؤسسه آموزش عالی روزبهان ساری", "logo": "", "type": 6}}, {"model": "handout.university", "pk": 475, "fields": {"name": "مؤسسه آموزش عالی ساریان ساری", "logo": "", "type": 6}}, {"model": "handout.university", "pk": 476, "fields": {"name": "مؤسسه آموزش عالی سبلان اردبیل", "logo": "", "type": 6}}, {"model": "handout.university", "pk": 477, "fields": {"name": "مؤسسه آموزش عالی سبحان نیشابور", "logo": "", "type": 6}}, {"model": "handout.university", "pk": 478, "fields": {"name": "دانشگاه صنعتی سجاد مشهد", "logo": "", "type": 6}}, {"model": "handout.university", "pk": 479, "fields": {"name": "مؤسسه آموزش عالی سبز آمل", "logo": "", "type": 6}}, {"model": "handout.university", "pk": 480, "fields": {"name": "مؤسسه آموزش عالی سپهر اصفهان", "logo": "", "type": 6}}, {"model": "handout.university", "pk": 481, "fields": {"name": "مؤسسه آموزش عالی سپاهان اصفهان", "logo": "", "type": 6}}, {"model": "handout.university", "pk": 482, "fields": {"name": "مؤسسه آموزش عالی سلمان(مشهد)", "logo": "", "type": 6}}, {"model": "handout.university", "pk": 483, "fields": {"name": "دانشگاه سوره", "logo": "", "type": 6}}, {"model": "handout.university", "pk": 484, "fields": {"name": "مؤسسه آموزش عالی سینا کاشان", "logo": "", "type": 6}}, {"model": "handout.university", "pk": 485, "fields": {"name": "مؤسسه آموزش عالی شاهرود", "logo": "", "type": 6}}, {"model": "handout.university", "pk": 486, "fields": {"name": "مؤسسه آموزش عالی شهاب دانش قم", "logo": "", "type": 6}}, {"model": "handout.university", "pk": 487, "fields": {"name": "مؤسسه آموزش عالی شهریار آستارا", "logo": "", "type": 6}}, {"model": "handout.university", "pk": 488, "fields": {"name": "مؤسسه آموزش عالی شهید اشرفی اصفهانی", "logo": "", "type": 6}}, {"model": "handout.university", "pk": 489, "fields": {"name": "مؤسسه آموزش عالی صدرالمتألهین (صدرا)", "logo": "", "type": 6}}, {"model": "handout.university", "pk": 490, "fields": {"name": "مؤسسه آموزش عالی صفاهان - اصفهان", "logo": "", "type": 6}}, {"model": "handout.university", "pk": 491, "fields": {"name": "مؤسسه آموزش عالی صنعتی فولاد - اصفهان", "logo": "", "type": 6}}, {"model": "handout.university", "pk": 492, "fields": {"name": "مؤسسه آموزش عالی صنعتی مازندران - بابل", "logo": "", "type": 6}}, {"model": "handout.university", "pk": 493, "fields": {"name": "مؤسسه آموزش عالی طبرستان چالوس", "logo": "", "type": 6}}, {"model": "handout.university", "pk": 494, "fields": {"name": "مؤسسه آموزش عالی پویندگان دانش چالوس", "logo": "", "type": 6}}, {"model": "handout.university", "pk": 495, "fields": {"name": "مؤسسه آموزش عالی طبری بابل", "logo": "", "type": 6}}, {"model": "handout.university", "pk": 496, "fields": {"name": "مؤسسه آموزش عالی عبدالرحمان صوفی رازی زنجان", "logo": "", "type": 6}}, {"model": "handout.university", "pk": 497, "fields": {"name": "مؤسسه آموزش عالی عطار مشهد", "logo": "", "type": 6}}, {"model": "handout.university", "pk": 498, "fields": {"name": "مؤسسه آموزش عالی علامه جعفری رفسنجان", "logo": "", "type": 6}}, {"model": "handout.university", "pk": 499, "fields": {"name": "مؤسسه آموزش عالی علامه دهخدا قزوین", "logo": "", "type": 6}}, {"model": "handout.university", "pk": 500, "fields": {"name": "مؤسسه آموزش عالی علامه فیض کاشانی", "logo": "", "type": 6}}, {"model": "handout.university", "pk": 501, "fields": {"name": "مؤسسه آموزش عالی علوم و فناوری آریان بابل", "logo": "", "type": 6}}, {"model": "handout.university", "pk": 502, "fields": {"name": "مؤسسه آموزش عالی صالحان قایم شهر", "logo": "", "type": 6}}, {"model": "handout.university", "pk": 503, "fields": {"name": "مؤسسه آموزش عالی علوم و فناوری سپاهان", "logo": "", "type": 6}}, {"model": "handout.university", "pk": 504, "fields": {"name": "مؤسسه آموزش عالی غزالی - قزوین", "logo": "", "type": 6}}, {"model": "handout.university", "pk": 505, "fields": {"name": "مؤسسه آموزش عالی فردوس", "logo": "", "type": 6}}, {"model": "handout.university", "pk": 506, "fields": {"name": "مؤسسه آموزش عالی فنی کرمان", "logo": "", "type": 6}}, {"model": "handout.university", "pk": 507, "fields": {"name": "مؤسسه آموزش عالی کار", "logo": "", "type": 6}}, {"model": "handout.university", "pk": 508, "fields": {"name": "موسسه آموزش عالی کاوش", "logo": "", "type": 6}}, {"model": "handout.university", "pk": 509, "fields": {"name": "موسسه آموزش عالی علاءالدوله سمنانی", "logo": "", "type": 6}}, {"model": "handout.university", "pk": 510, "fields": {"name": "مؤسسه آموزش عالی کنسرواتوار تهران", "logo": "", "type": 6}}, {"model": "handout.university", "pk": 511, "fields": {"name": "مؤسسه آموزش عالی کسری رامسر", "logo": "", "type": 6}}, {"model": "handout.university", "pk": 512, "fields": {"name": "مؤسسه آموزش عالی کومش سمنان", "logo": "", "type": 6}}, {"model": "handout.university", "pk": 513, "fields": {"name": "مؤسسه آموزش عالی لامعی گرگانی", "logo": "", "type": 6}}, {"model": "handout.university", "pk": 514, "fields": {"name": "مؤسسه آموزش عالی مازیار رویان", "logo": "", "type": 6}}, {"model": "handout.university", "pk": 515, "fields": {"name": "مؤسسه آموزش عالی مهرگان محلات", "logo": "", "type": 6}}, {"model": "handout.university", "pk": 516, "fields": {"name": "مؤسسه آموزش عالی مهد علم کاشان", "logo": "", "type": 6}}, {"model": "handout.university", "pk": 517, "fields": {"name": "مؤسسه آموزش عالی مهر آستان-آستانه اشرفیه-رشت", "logo": "", "type": 6}}, {"model": "handout.university", "pk": 518, "fields": {"name": "مؤسسه آموزش عالی مهر اراک", "logo": "", "type": 6}}, {"model": "handout.university", "pk": 519, "fields": {"name": "مؤسسه آموزش عالی میرداماد گرگان", "logo": "", "type": 6}}, {"model": "handout.university", "pk": 520, "fields": {"name": "مؤسسه آموزش عالی نبی اکرم تبریز", "logo": "", "type": 6}}, {"model": "handout.university", "pk": 521, "fields": {"name": "مؤسسه آموزش عالی نجف آباد", "logo": "", "type": 6}}, {"model": "handout.university", "pk": 522, "fields": {"name": "مؤسسه آموزش عالی نورطوبی", "logo": "", "type": 6}}, {"model": "handout.university", "pk": 523, "fields": {"name": "مؤسسه آموزش عالی نهاوند", "logo": "", "type": 6}}, {"model": "handout.university", "pk": 524, "fields": {"name": "مؤسسه آموزش عالی هدف -ساری", "logo": "", "type": 6}}, {"model": "handout.university", "pk": 525, "fields": {"name": "مؤسسه آموزش عالی هرمزان", "logo": "", "type": 6}}, {"model": "handout.university", "pk": 526, "fields": {"name": "مؤسسه آموزش عالی هنر کمال الملک نوشهر", "logo": "", "type": 6}}, {"model": "handout.university", "pk": 527, "fields": {"name": "مؤسسه آموزش عالی دیلمان", "logo": "", "type": 6}}, {"model": "handout.university", "pk": 528, "fields": {"name": "مؤسسه آموزش عالی غیرانتفاعی کارون", "logo": "", "type": 6}}, {"model": "handout.university", "pk": 529, "fields": {"name": "مؤسسه آموزش عالی غیرانتفاعی گنجنامه همدان", "logo": "", "type": 6}}, {"model": "handout.university", "pk": 530, "fields": {"name": "مؤسسه آموزشی و پژوهشی امام خمینی(ره)", "logo": "", "type": 6}}, {"model": "handout.university", "pk": 531, "fields": {"name": "موسسه آموزش عالی ارشاد دماوند (واحد پسران)", "logo": "", "type": 6}}, {"model": "handout.university", "pk": 532, "fields": {"name": "موسسه آموزش عالی ارشاد دماوند (واحد دختران)", "logo": "", "type": 6}}, {"model": "handout.university", "pk": 533, "fields": {"name": "موسسه آموزش عالی سراج", "logo": "", "type": 6}}, {"model": "handout.university", "pk": 534, "fields": {"name": "موسسه آموزش عالی راهبرد شمال رشت", "logo": "", "type": 6}}, {"model": "handout.university", "pk": 535, "fields": {"name": "دانشکده ریاضی و کامپیوتر خوانسار", "logo": "", "type": 6}}, {"model": "handout.university", "pk": 536, "fields": {"name": "دانشکده فنی و مهندسی گلپایگان", "logo": "", "type": 6}}, {"model": "handout.university", "pk": 537, "fields": {"name": "دانشکده کشاورزی شیروان", "logo": "", "type": 6}}, {"model": "handout.university", "pk": 538, "fields": {"name": "دانشکده کشاورزی و دامپروری تربت جام", "logo": "", "type": 6}}, {"model": "handout.university", "pk": 539, "fields": {"name": "دانشکده کشاورزی و منابع طبیعی داراب", "logo": "", "type": 6}}, {"model": "handout.university", "pk": 540, "fields": {"name": "مجتمع آموزش عالی اسفراین", "logo": "", "type": 6}}, {"model": "handout.university", "pk": 541, "fields": {"name": "مجتمع آموزش عالی بم", "logo": "", "type": 6}}, {"model": "handout.university", "pk": 542, "fields": {"name": "مجتمع آموزش عالی سراوان", "logo": "", "type": 6}}, {"model": "handout.university", "pk": 543, "fields": {"name": "مجتمع آموزش عالی لارستان", "logo": "", "type": 6}}, {"model": "handout.university", "pk": 544, "fields": {"name": "مجتمع آموزش عالی گناباد", "logo": "", "type": 6}}, {"model": "handout.university", "pk": 545, "fields": {"name": "مرکز آموزش عالی استهبان", "logo": "", "type": 6}}, {"model": "handout.university", "pk": 546, "fields": {"name": "مرکز آموزش عالی اقلید", "logo": "", "type": 6}}, {"model": "handout.university", "pk": 547, "fields": {"name": "مرکز آموزش عالی کاشمر", "logo": "", "type": 6}}, {"model": "handout.university", "pk": 548, "fields": {"name": "مرکز آموزش عالی لامرد", "logo": "", "type": 6}}, {"model": "handout.university", "pk": 549, "fields": {"name": "مرکز آموزش عالی محلات", "logo": "", "type": 6}}, {"model": "handout.university", "pk": 550, "fields": {"name": "مرکز آموزش عالی ممسنی", "logo": "", "type": 6}}, {"model": "handout.university", "pk": 551, "fields": {"name": "مرکز تحصیلات تکمیلی در علوم پایه زنجان", "logo": "", "type": 6}}, {"model": "handout.university", "pk": 552, "fields": {"name": "دانشگاه پیام نور (سازمان مرکزی)", "logo": "", "type": 7}}, {"model": "handout.university", "pk": 553, "fields": {"name": "دانشگاه پیام نور ممقان", "logo": "", "type": 7}}, {"model": "handout.university", "pk": 554, "fields": {"name": "دانشگاه پیام نور الوند", "logo": "", "type": 7}}, {"model": "handout.university", "pk": 556, "fields": {"name": "دانشگاه پیام نور بوشهر", "logo": "", "type": 7}}, {"model": "handout.university", "pk": 557, "fields": {"name": "دانشگاه پیام نور برازجان", "logo": "", "type": 7}}, {"model": "handout.university", "pk": 558, "fields": {"name": "دانشگاه پیام نور تهران غرب", "logo": "", "type": 7}}, {"model": "handout.university", "pk": 559, "fields": {"name": "دانشگاه پیام نور کنگان", "logo": "", "type": 7}}, {"model": "handout.university", "pk": 560, "fields": {"name": "دانشگاه پیام نور گناوه", "logo": "", "type": 7}}, {"model": "handout.university", "pk": 561, "fields": {"name": "دانشگاه پیام نور دیر", "logo": "", "type": 7}}, {"model": "handout.university", "pk": 562, "fields": {"name": "دانشگاه پیام نور جم", "logo": "", "type": 7}}, {"model": "handout.university", "pk": 563, "fields": {"name": "دانشگاه بین‌المللی پیام نور عسلویه", "logo": "", "type": 7}}, {"model": "handout.university", "pk": 564, "fields": {"name": "دانشگاه پیام نور خورموج", "logo": "", "type": 7}}, {"model": "handout.university", "pk": 565, "fields": {"name": "دانشگاه پیام نور اهرم", "logo": "", "type": 7}}, {"model": "handout.university", "pk": 566, "fields": {"name": "دانشگاه پیام نور شبانکاره", "logo": "", "type": 7}}, {"model": "handout.university", "pk": 567, "fields": {"name": "دانشگاه پیام نور اِوَز", "logo": "", "type": 7}}, {"model": "handout.university", "pk": 568, "fields": {"name": "دانشگاه پیام نور اقلید", "logo": "", "type": 7}}, {"model": "handout.university", "pk": 569, "fields": {"name": "دانشگاه پیام نور ابهر", "logo": "", "type": 7}}, {"model": "handout.university", "pk": 570, "fields": {"name": "دانشگاه پیام نور اردبیل", "logo": "", "type": 7}}, {"model": "handout.university", "pk": 571, "fields": {"name": "دانشگاه پیام نور جهرم", "logo": "", "type": 7}}, {"model": "handout.university", "pk": 572, "fields": {"name": "دانشگاه پیام نور اردکان", "logo": "", "type": 7}}, {"model": "handout.university", "pk": 573, "fields": {"name": "دانشگاه پیام نور اسفراین", "logo": "", "type": 7}}, {"model": "handout.university", "pk": 574, "fields": {"name": "دانشگاه پیام نور ایلام", "logo": "", "type": 7}}, {"model": "handout.university", "pk": 575, "fields": {"name": "دانشگاه پیام نور بردسکن", "logo": "", "type": 7}}, {"model": "handout.university", "pk": 576, "fields": {"name": "دانشگاه پیام نور بوانات", "logo": "", "type": 7}}, {"model": "handout.university", "pk": 577, "fields": {"name": "دانشگاه پیام نور بیرجند", "logo": "", "type": 7}}, {"model": "handout.university", "pk": 578, "fields": {"name": "دانشگاه پیام نور تبریز", "logo": "", "type": 7}}, {"model": "handout.university", "pk": 579, "fields": {"name": "دانشگاه پیام نور تربت حیدریه", "logo": "", "type": 7}}, {"model": "handout.university", "pk": 580, "fields": {"name": "دانشگاه پیام نور خرمدره", "logo": "", "type": 7}}, {"model": "handout.university", "pk": 581, "fields": {"name": "دانشگاه پیام نور جیرفت", "logo": "", "type": 7}}, {"model": "handout.university", "pk": 582, "fields": {"name": "دانشگاه پیام نور خوانسار", "logo": "", "type": 7}}, {"model": "handout.university", "pk": 583, "fields": {"name": "دانشگاه پیام نور دزفول", "logo": "", "type": 7}}, {"model": "handout.university", "pk": 584, "fields": {"name": "دانشگاه پیام نور دهلران", "logo": "", "type": 7}}, {"model": "handout.university", "pk": 585, "fields": {"name": "دانشگاه پیام نور رامیان", "logo": "", "type": 7}}, {"model": "handout.university", "pk": 586, "fields": {"name": "دانشگاه پیام نور زنجان", "logo": "", "type": 7}}, {"model": "handout.university", "pk": 587, "fields": {"name": "دانشگاه پیام نور ساوه", "logo": "", "type": 7}}, {"model": "handout.university", "pk": 588, "fields": {"name": "دانشگاه پیام نور سروستان", "logo": "", "type": 7}}, {"model": "handout.university", "pk": 589, "fields": {"name": "دانشگاه پیام نور سمیرم", "logo": "", "type": 7}}, {"model": "handout.university", "pk": 590, "fields": {"name": "دانشگاه پیام نور سلطانیه-زنجان", "logo": "", "type": 7}}, {"model": "handout.university", "pk": 591, "fields": {"name": "دانشگاه پیام نور شبستر", "logo": "", "type": 7}}, {"model": "handout.university", "pk": 592, "fields": {"name": "دانشگاه پیام نور شهریار", "logo": "", "type": 7}}, {"model": "handout.university", "pk": 593, "fields": {"name": "دانشگاه پیام نور شیراز", "logo": "", "type": 7}}, {"model": "handout.university", "pk": 594, "fields": {"name": "دانشگاه پیام نور کازرون", "logo": "", "type": 7}}, {"model": "handout.university", "pk": 595, "fields": {"name": "دانشگاه پیام نور طارم زنجان", "logo": "", "type": 7}}, {"model": "handout.university", "pk": 596, "fields": {"name": "دانشگاه پیام نور فیروزآباد", "logo": "", "type": 7}}, {"model": "handout.university", "pk": 597, "fields": {"name": "دانشگاه پیام نور قزوین", "logo": "", "type": 7}}, {"model": "handout.university", "pk": 598, "fields": {"name": "دانشگاه پیام نور قم", "logo": "", "type": 7}}, {"model": "handout.university", "pk": 599, "fields": {"name": "دانشگاه پیام نور کرج", "logo": "", "type": 7}}, {"model": "handout.university", "pk": 600, "fields": {"name": "دانشگاه پیام نور گرگان", "logo": "", "type": 7}}, {"model": "handout.university", "pk": 601, "fields": {"name": "دانشگاه پیام نور گرمسار", "logo": "", "type": 7}}, {"model": "handout.university", "pk": 602, "fields": {"name": "دانشگاه پیام نور گلپایگان", "logo": "", "type": 7}}, {"model": "handout.university", "pk": 603, "fields": {"name": "دانشگاه پیام نور گناباد", "logo": "", "type": 7}}, {"model": "handout.university", "pk": 604, "fields": {"name": "دانشگاه پیام نور گنبد", "logo": "", "type": 7}}, {"model": "handout.university", "pk": 605, "fields": {"name": "دانشگاه پیام نور لالجین", "logo": "", "type": 7}}, {"model": "handout.university", "pk": 606, "fields": {"name": "دانشگاه پیام نور واحد مهدی‌شهر", "logo": "", "type": 7}}, {"model": "handout.university", "pk": 607, "fields": {"name": "دانشگاه پیام نور نیشابور", "logo": "", "type": 7}}, {"model": "handout.university", "pk": 608, "fields": {"name": "دانشگاه پیام نور مشهد", "logo": "", "type": 7}}, {"model": "handout.university", "pk": 609, "fields": {"name": "دانشگاه پیام نور نجف‌آباد", "logo": "", "type": 7}}, {"model": "handout.university", "pk": 610, "fields": {"name": "دانشگاه پیام نور هشترود", "logo": "", "type": 7}}, {"model": "handout.university", "pk": 611, "fields": {"name": "دانشگاه پیام نور رودهن", "logo": "", "type": 7}}, {"model": "handout.university", "pk": 612, "fields": {"name": "دانشگاه پیام نور ساری", "logo": "", "type": 7}}, {"model": "handout.university", "pk": 613, "fields": {"name": "دانشگاه پیام نور شوش", "logo": "", "type": 7}}, {"model": "handout.university", "pk": 614, "fields": {"name": "دانشگاه پیام نور دهدشت", "logo": "", "type": 7}}, {"model": "handout.university", "pk": 615, "fields": {"name": "دانشگاه پیام نور رینه", "logo": "", "type": 7}}, {"model": "handout.university", "pk": 616, "fields": {"name": "دانشگاه پیام نور آمل", "logo": "", "type": 7}}, {"model": "handout.university", "pk": 617, "fields": {"name": "دانشگاه پیام نور بانه", "logo": "", "type": 7}}, {"model": "handout.university", "pk": 618, "fields": {"name": "دانشگاه پیام نور طالقان", "logo": "", "type": 7}}, {"model": "handout.university", "pk": 619, "fields": {"name": "دانشگاه پیام نور کامیاران", "logo": "", "type": 7}}, {"model": "handout.university", "pk": 620, "fields": {"name": "دانشگاه جامع علمی کاربردی (کل)", "logo": "", "type": 8}}, {"model": "handout.university", "pk": 621, "fields": {"name": "دانشگاه جامع علمی کاربردی آذربایجان شرقی", "logo": "", "type": 8}}, {"model": "handout.university", "pk": 622, "fields": {"name": "دانشگاه جامع علمی کاربردی آذربایجان غربی", "logo": "", "type": 8}}, {"model": "handout.university", "pk": 623, "fields": {"name": "دانشگاه جامع علمی کاربردی اردبیل", "logo": "", "type": 8}}, {"model": "handout.university", "pk": 624, "fields": {"name": "دانشگاه جامع علمی کاربردی اصفهان", "logo": "", "type": 8}}, {"model": "handout.university", "pk": 625, "fields": {"name": "دانشگاه جامع علمی کاربردی بوشهر", "logo": "", "type": 8}}, {"model": "handout.university", "pk": 626, "fields": {"name": "دانشگاه جامع علمی کاربردی گروه صنعتی گلرنگ - تهران", "logo": "", "type": 8}}, {"model": "handout.university", "pk": 627, "fields": {"name": "دانشگاه جامع علمی کاربردی چهارمحال بختیاری", "logo": "", "type": 8}}, {"model": "handout.university", "pk": 628, "fields": {"name": "دانشگاه جامع علمی کاربردی خراسان جنوبی", "logo": "", "type": 8}}, {"model": "handout.university", "pk": 629, "fields": {"name": "دانشگاه جامع علمی کاربردی خراسان رضوی", "logo": "", "type": 8}}, {"model": "handout.university", "pk": 630, "fields": {"name": "دانشگاه جامع علمی کاربردی خراسان شمالی", "logo": "", "type": 8}}, {"model": "handout.university", "pk": 631, "fields": {"name": "دانشگاه جامع علمی کاربردی خوزستان", "logo": "", "type": 8}}, {"model": "handout.university", "pk": 632, "fields": {"name": "دانشگاه جامع علمی کاربردی زنجان", "logo": "", "type": 8}}, {"model": "handout.university", "pk": 633, "fields": {"name": "دانشگاه جامع علمی کاربردی سیستان و بلوچستان", "logo": "", "type": 8}}, {"model": "handout.university", "pk": 634, "fields": {"name": "دانشگاه جامع علمی کاربردی فارس", "logo": "", "type": 8}}, {"model": "handout.university", "pk": 635, "fields": {"name": "دانشگاه جامع علمی کاربردی قم", "logo": "", "type": 8}}, {"model": "handout.university", "pk": 636, "fields": {"name": "دانشگاه جامع علمی کاربردی علوم و فنون قزوین", "logo": "", "type": 8}}, {"model": "handout.university", "pk": 637, "fields": {"name": "دانشگاه جامع علمی کاربردی کردستان", "logo": "", "type": 8}}, {"model": "handout.university", "pk": 638, "fields": {"name": "دانشگاه جامع علمی کاربردی کرمان", "logo": "", "type": 8}}, {"model": "handout.university", "pk": 639, "fields": {"name": "دانشگاه جامع علمی کاربردی کرمانشاه", "logo": "", "type": 8}}, {"model": "handout.university", "pk": 640, "fields": {"name": "دانشگاه جامع علمی کاربردی کهگیلویه و بویراحمد", "logo": "", "type": 8}}, {"model": "handout.university", "pk": 641, "fields": {"name": "دانشگاه جامع علمی کاربردی کیش", "logo": "", "type": 8}}, {"model": "handout.university", "pk": 642, "fields": {"name": "دانشگاه جامع علمی کاربردی گلستان", "logo": "", "type": 8}}, {"model": "handout.university", "pk": 643, "fields": {"name": "دانشگاه جامع علمی کاربردی گیلان", "logo": "", "type": 8}}, {"model": "handout.university", "pk": 644, "fields": {"name": "دانشگاه جامع علمی کاربردی لرستان", "logo": "", "type": 8}}, {"model": "handout.university", "pk": 645, "fields": {"name": "دانشگاه جامع علمی کاربردی مازندران", "logo": "", "type": 8}}, {"model": "handout.university", "pk": 646, "fields": {"name": "دانشگاه جامع علمی کاربردی مرکزی", "logo": "", "type": 8}}, {"model": "handout.university", "pk": 647, "fields": {"name": "دانشگاه جامع علمی کاربردی مهدی‌شهر", "logo": "", "type": 8}}, {"model": "handout.university", "pk": 648, "fields": {"name": "دانشگاه جامع علمی کاربردی هرمزگان", "logo": "", "type": 8}}, {"model": "handout.university", "pk": 649, "fields": {"name": "دانشگاه جامع علمی کاربردی ملایر", "logo": "", "type": 8}}, {"model": "handout.university", "pk": 650, "fields": {"name": "دانشگاه جامع علمی کاربردی همدان", "logo": "", "type": 8}}, {"model": "handout.university", "pk": 651, "fields": {"name": "دانشگاه جامع علمی کاربردی نیشابور", "logo": "", "type": 8}}, {"model": "handout.university", "pk": 652, "fields": {"name": "دانشگاه جامع علمی کاربردی یزد", "logo": "", "type": 8}}, {"model": "handout.university", "pk": 653, "fields": {"name": "مرکز علمی کاربردی گنبد کاووس۲", "logo": "", "type": 8}}, {"model": "handout.university", "pk": 654, "fields": {"name": "مرکز علمی کاربردی گنبد کاووس۱", "logo": "", "type": 8}}, {"model": "handout.university", "pk": 655, "fields": {"name": "دانشگاه جامع علمی کاربردی مرکز آموزش علمی کاربردی واحد 10 تهران", "logo": "", "type": 8}}, {"model": "handout.university", "pk": 656, "fields": {"name": "مرکز علمی کاربردی پارس‌آباد۱", "logo": "", "type": 8}}, {"model": "handout.university", "pk": 657, "fields": {"name": "مرکز آموزش علمی کاربردی واحد30 تهران", "logo": "", "type": 8}}, {"model": "handout.university", "pk": 658, "fields": {"name": "موسسه آموزش عالی آزاد بینش", "logo": "", "type": 9}}, {"model": "handout.university", "pk": 659, "fields": {"name": "پژوهشگاه صنعت نفت", "logo": "", "type": 9}}, {"model": "handout.university", "pk": 660, "fields": {"name": "دانشگاه تهران", "logo": "storage/logo/University_of_Tehran_logo.svg_KHKKn52.png", "type": 1}}, {"model": "handout.university", "pk": 661, "fields": {"name": "پارسه", "logo": "", "type": 10}}, {"model": "handout.university", "pk": 662, "fields": {"name": "مدرسان شریف", "logo": "", "type": 9}}, {"model": "handout.university", "pk": 663, "fields": {"name": "موسسه علمی پژوهشی نصیر", "logo": "", "type": 9}}, {"model": "handout.professor", "pk": 2, "fields": {"name": "استادباشی", "picture": "", "title": "دکتر"}}, {"model": "handout.professor", "pk": 3, "fields": {"name": "دهقان", "picture": "", "title": "دکتر"}}, {"model": "handout.professor", "pk": 4, "fields": {"name": "پنام زرفام", "picture": "", "title": "دکتر"}}, {"model": "handout.professor", "pk": 5, "fields": {"name": "عربزاده", "picture": "", "title": "دکتر"}}, {"model": "handout.professor", "pk": 6, "fields": {"name": "علی حق طلب", "picture": "", "title": "دکتر"}}, {"model": "handout.professor", "pk": 7, "fields": {"name": "عبدالله زاده", "picture": "", "title": "دکتر"}}, {"model": "handout.professor", "pk": 8, "fields": {"name": "اسلامی", "picture": "", "title": "دکتر"}}, {"model": "handout.professor", "pk": 9, "fields": {"name": "سید جمال الدین گلستانی", "picture": "", "title": "دکتر"}}, {"model": "handout.professor", "pk": 10, "fields": {"name": "محمدرضا کاویانپور", "picture": "", "title": "دکتر"}}, {"model": "handout.professor", "pk": 12, "fields": {"name": "محمود دلاور", "picture": "", "title": "دکتر"}}, {"model": "handout.professor", "pk": 13, "fields": {"name": "کیانمهر", "picture": "", "title": "دکتر"}}, {"model": "handout.professor", "pk": 14, "fields": {"name": "مهدی رازی فر", "picture": "", "title": "مهندس"}}, {"model": "handout.professor", "pk": 15, "fields": {"name": "مهرداد پورسینا", "picture": "", "title": "دکتر"}}, {"model": "handout.professor", "pk": 16, "fields": {"name": "عیسی سلاجقه", "picture": "", "title": "دکتر"}}, {"model": "handout.professor", "pk": 17, "fields": {"name": "سلیمانی", "picture": "", "title": "دکتر"}}, {"model": "handout.professor", "pk": 18, "fields": {"name": "نصیری", "picture": "", "title": "دکتر"}}, {"model": "handout.professor", "pk": 19, "fields": {"name": "شاهد میرزا محمدی", "picture": "", "title": "مهندس"}}, {"model": "handout.professor", "pk": 20, "fields": {"name": "مهدی قاسم خوانی", "picture": "", "title": "دکتر"}}, {"model": "handout.professor", "pk": 21, "fields": {"name": "میرهادی سید عربی", "picture": "", "title": "دکتر"}}, {"model": "handout.professor", "pk": 22, "fields": {"name": "علی اکبر موسویان", "picture": "", "title": "دکتر"}}, {"model": "handout.professor", "pk": 23, "fields": {"name": "مسعود فرونچی", "picture": "", "title": "دکتر"}}, {"model": "handout.professor", "pk": 24, "fields": {"name": "سعیدی", "picture": "", "title": "دکتر"}}, {"model": "handout.professor", "pk": 25, "fields": {"name": "عباس عزیز جلالی", "picture": "", "title": "مهندس"}}, {"model": "handout.professor", "pk": 26, "fields": {"name": "سهیلا یغمایی", "picture": "", "title": "دکتر"}}, {"model": "handout.professor", "pk": 27, "fields": {"name": "کریمی", "picture": "", "title": "دکتر"}}, {"model": "handout.professor", "pk": 28, "fields": {"name": "متقی پور", "picture": "", "title": "مهندس"}}, {"model": "handout.professor", "pk": 29, "fields": {"name": "احمد باقری", "picture": "", "title": "دکتر"}}, {"model": "handout.professor", "pk": 30, "fields": {"name": "غلامعلی شجاع منظری", "picture": "", "title": "دکتر"}}, {"model": "handout.professor", "pk": 31, "fields": {"name": "باقرپور", "picture": "", "title": "دکتر"}}, {"model": "handout.professor", "pk": 32, "fields": {"name": "فرهاد خراشه", "picture": "", "title": "دکتر"}}, {"model": "handout.professor", "pk": 33, "fields": {"name": "محمود تابنده", "picture": "", "title": "دکتر"}}, {"model": "handout.professor", "pk": 34, "fields": {"name": "آشوری", "picture": "", "title": "دکتر"}}, {"model": "handout.professor", "pk": 35, "fields": {"name": "مانی", "picture": "", "title": "خانم"}}, {"model": "handout.professor", "pk": 36, "fields": {"name": "کاظمینی", "picture": "", "title": "دکتر"}}, {"model": "handout.professor", "pk": 37, "fields": {"name": "سعید شاد", "picture": "", "title": "دکتر"}}, {"model": "handout.professor", "pk": 38, "fields": {"name": "مجید ایوزیان", "picture": "", "title": "دکتر"}}, {"model": "handout.professor", "pk": 39, "fields": {"name": "گریوانی", "picture": "", "title": "خانم"}}, {"model": "handout.professor", "pk": 40, "fields": {"name": "عباس شیخ ابومسعودی", "picture": "", "title": "مهندس"}}, {"model": "handout.professor", "pk": 41, "fields": {"name": "امیرحسین کوهساری", "picture": "", "title": "دکتر"}}, {"model": "handout.professor", "pk": 42, "fields": {"name": "امیر برجی", "picture": "", "title": "دکتر"}}, {"model": "handout.professor", "pk": 43, "fields": {"name": "مجید طیرانی", "picture": "", "title": "دکتر"}}, {"model": "handout.professor", "pk": 44, "fields": {"name": "شیری", "picture": "", "title": "دکتر"}}, {"model": "handout.professor", "pk": 45, "fields": {"name": "کاردان", "picture": "", "title": "دکتر"}}, {"model": "handout.professor", "pk": 46, "fields": {"name": "عدالتی پور", "picture": "", "title": "دکتر"}}, {"model": "handout.professor", "pk": 47, "fields": {"name": "شیخی", "picture": "", "title": "دکتر"}}, {"model": "handout.professor", "pk": 48, "fields": {"name": "علوی", "picture": "", "title": "دکتر"}}, {"model": "handout.professor", "pk": 49, "fields": {"name": "محمدصادق معتقدی", "picture": "", "title": "دکتر"}}, {"model": "handout.professor", "pk": 50, "fields": {"name": "شاه آبادی", "picture": "", "title": "دکتر"}}, {"model": "handout.major", "pk": 2, "fields": {"title": "همه رشته های مهندسی"}}, {"model": "handout.major", "pk": 4, "fields": {"title": "مهندسی کامپیوتر"}}, {"model": "handout.major", "pk": 7, "fields": {"title": "مهندسی عمران"}}, {"model": "handout.major", "pk": 8, "fields": {"title": "مهندسی مکانیک"}}, {"model": "handout.major", "pk": 9, "fields": {"title": "مهندسی برق"}}, {"model": "handout.major", "pk": 10, "fields": {"title": "مهندسی شیمی"}}, {"model": "handout.major", "pk": 11, "fields": {"title": "شیمی، علوم پایه"}}, {"model": "handout.major", "pk": 12, "fields": {"title": "همه رشته ها"}}, {"model": "handout.major", "pk": 13, "fields": {"title": "بهداشت حرفه ای"}}, {"model": "handout.major", "pk": 14, "fields": {"title": "مهندسی مواد"}}, {"model": "handout.major", "pk": 15, "fields": {"title": "مهندسی صنایع"}}, {"model": "handout.major", "pk": 16, "fields": {"title": "مهندسی نفت"}}, {"model": "handout.major", "pk": 17, "fields": {"title": "مهندسی معدن"}}, {"model": "handout.major", "pk": 18, "fields": {"title": "فنی و حرفه ای - رشته برق"}}, {"model": "handout.minor", "pk": 2, "fields": {"major": 2, "title": "همه گرایش های مهندسی"}}, {"model": "handout.minor", "pk": 7, "fields": {"major": 4, "title": "همه گرایش های مهندسی کامپیوتر"}}, {"model": "handout.minor", "pk": 8, "fields": {"major": 7, "title": "همه گرایش های مهندسی عمران"}}, {"model": "handout.minor", "pk": 9, "fields": {"major": 8, "title": "همه گرایش های مهندسی مکانیک"}}, {"model": "handout.minor", "pk": 10, "fields": {"major": 9, "title": "همه گرایش های مهندسی برق"}}, {"model": "handout.minor", "pk": 11, "fields": {"major": 9, "title": "مخابرات"}}, {"model": "handout.minor", "pk": 12, "fields": {"major": 7, "title": "آب"}}, {"model": "handout.minor", "pk": 13, "fields": {"major": 10, "title": "همه گرایش های مهندسی شیمی"}}, {"model": "handout.minor", "pk": 14, "fields": {"major": 10, "title": "پلیمر"}}, {"model": "handout.minor", "pk": 15, "fields": {"major": 8, "title": "سیالات"}}, {"model": "handout.minor", "pk": 16, "fields": {"major": 12, "title": "همه گرایش ها"}}, {"model": "handout.minor", "pk": 17, "fields": {"major": 13, "title": "همه گرایش های بهداشت حرفه ای"}}, {"model": "handout.minor", "pk": 18, "fields": {"major": 8, "title": "حرارت و سیالات"}}, {"model": "handout.minor", "pk": 19, "fields": {"major": 9, "title": "الکترونیک"}}, {"model": "handout.minor", "pk": 20, "fields": {"major": 8, "title": "طراحی جامدات"}}, {"model": "handout.minor", "pk": 21, "fields": {"major": 14, "title": "همه گرایش های مهندسی مواد"}}, {"model": "handout.minor", "pk": 22, "fields": {"major": 15, "title": "همه گرایش های مهندسی صنایع"}}, {"model": "handout.minor", "pk": 23, "fields": {"major": 7, "title": "نقشه برداری"}}, {"model": "handout.minor", "pk": 24, "fields": {"major": 16, "title": "همه گرایش های مهندسی نفت"}}, {"model": "handout.minor", "pk": 25, "fields": {"major": 17, "title": "همه گرایش های مهندسی معدن"}}, {"model": "handout.minor", "pk": 26, "fields": {"major": 18, "title": "الکتروتکنیک"}}, {"model": "handout.course", "pk": 4, "fields": {"minor": 2, "title": "ریاضی 1", "logo": ""}}, {"model": "handout.course", "pk": 5, "fields": {"minor": 7, "title": "ساختمان داده", "logo": ""}}, {"model": "handout.course", "pk": 6, "fields": {"minor": 8, "title": "تحلیل سازه", "logo": ""}}, {"model": "handout.course", "pk": 7, "fields": {"minor": 2, "title": "آمار و احتمال مهندسی", "logo": ""}}, {"model": "handout.course", "pk": 8, "fields": {"minor": 9, "title": "سیالات پیشرفته", "logo": ""}}, {"model": "handout.course", "pk": 9, "fields": {"minor": 2, "title": "مبانی مهندسی برق 1", "logo": ""}}, {"model": "handout.course", "pk": 10, "fields": {"minor": 9, "title": "دینامیک ماشین", "logo": ""}}, {"model": "handout.course", "pk": 11, "fields": {"minor": 11, "title": "مخابرات سیار", "logo": ""}}, {"model": "handout.course", "pk": 12, "fields": {"minor": 2, "title": "فیزیک 1", "logo": ""}}, {"model": "handout.course", "pk": 13, "fields": {"minor": 12, "title": "طراحی هیدرولیكی سازه ها", "logo": ""}}, {"model": "handout.course", "pk": 14, "fields": {"minor": 10, "title": "آموزش Pspice 9.2", "logo": ""}}, {"model": "handout.course", "pk": 15, "fields": {"minor": 13, "title": "شیمی معدنی 1", "logo": ""}}, {"model": "handout.course", "pk": 16, "fields": {"minor": 14, "title": "شیمی فیزیک آلی", "logo": ""}}, {"model": "handout.course", "pk": 17, "fields": {"minor": 13, "title": "اصول ابتدایی فرایندهای شیمیایی", "logo": ""}}, {"model": "handout.course", "pk": 18, "fields": {"minor": 13, "title": "شبیه سازی فرایندهای شیمیایی", "logo": ""}}, {"model": "handout.course", "pk": 19, "fields": {"minor": 13, "title": "شبیه سازی برج تقطیر اتمسفری", "logo": ""}}, {"model": "handout.course", "pk": 20, "fields": {"minor": 2, "title": "آموزش نرم افزار COMSOL", "logo": ""}}, {"model": "handout.course", "pk": 21, "fields": {"minor": 11, "title": "مدارهای مخابراتی", "logo": ""}}, {"model": "handout.course", "pk": 22, "fields": {"minor": 10, "title": "مدارهای آنالوگ", "logo": ""}}, {"model": "handout.course", "pk": 23, "fields": {"minor": 2, "title": "فیزیک 2", "logo": ""}}, {"model": "handout.course", "pk": 24, "fields": {"minor": 10, "title": "ماشین های الکتریکی 1", "logo": ""}}, {"model": "handout.course", "pk": 25, "fields": {"minor": 2, "title": "ریاضی 2", "logo": ""}}, {"model": "handout.course", "pk": 26, "fields": {"minor": 9, "title": "طراحی اجزا 1", "logo": ""}}, {"model": "handout.course", "pk": 27, "fields": {"minor": 9, "title": "اجزاء محدود (مکانیک)", "logo": ""}}, {"model": "handout.course", "pk": 28, "fields": {"minor": 10, "title": "الکترومغناطیس", "logo": ""}}, {"model": "handout.course", "pk": 29, "fields": {"minor": 10, "title": "الکترونیک 1", "logo": ""}}, {"model": "handout.course", "pk": 30, "fields": {"minor": 2, "title": "معادلات دیفرانسیل", "logo": ""}}, {"model": "handout.course", "pk": 31, "fields": {"minor": 15, "title": "آزمایشگاه هدرولیک و مکانیک سیالات", "logo": ""}}, {"model": "handout.course", "pk": 32, "fields": {"minor": 7, "title": "برنامه نویسی", "logo": ""}}, {"model": "handout.course", "pk": 33, "fields": {"minor": 16, "title": "تاریخ تحلیلی صدر اسلام", "logo": ""}}, {"model": "handout.course", "pk": 34, "fields": {"minor": 16, "title": "تاریخ امامت", "logo": ""}}, {"model": "handout.course", "pk": 35, "fields": {"minor": 16, "title": "اندیشه اسلامی 1", "logo": ""}}, {"model": "handout.course", "pk": 36, "fields": {"minor": 16, "title": "اخلاق اسلامی", "logo": ""}}, {"model": "handout.course", "pk": 37, "fields": {"minor": 9, "title": "استاتیک", "logo": ""}}, {"model": "handout.course", "pk": 38, "fields": {"minor": 17, "title": "کارآموزی", "logo": ""}}, {"model": "handout.course", "pk": 39, "fields": {"minor": 16, "title": "اندیشه اسلامی 2", "logo": ""}}, {"model": "handout.course", "pk": 40, "fields": {"minor": 10, "title": "سیگنال و سیستم", "logo": ""}}, {"model": "handout.course", "pk": 41, "fields": {"minor": 16, "title": "زبان انگلیسی", "logo": ""}}, {"model": "handout.course", "pk": 42, "fields": {"minor": 18, "title": "طراحی سیستم های تهویه مطبوع", "logo": ""}}, {"model": "handout.course", "pk": 43, "fields": {"minor": 19, "title": "تکنیک پالس", "logo": ""}}, {"model": "handout.course", "pk": 44, "fields": {"minor": 20, "title": "طراحی مکانیزم ها", "logo": ""}}, {"model": "handout.course", "pk": 45, "fields": {"minor": 16, "title": "تاریخ فرهنگ و تمدن اسلامی", "logo": ""}}, {"model": "handout.course", "pk": 46, "fields": {"minor": 13, "title": "مبانی مهندسی پلیمر", "logo": ""}}, {"model": "handout.course", "pk": 47, "fields": {"minor": 10, "title": "مدارهای الکتریکی 1", "logo": ""}}, {"model": "handout.course", "pk": 48, "fields": {"minor": 13, "title": "کاتالیزورهای صنعتی", "logo": ""}}, {"model": "handout.course", "pk": 49, "fields": {"minor": 2, "title": "محاسبات عددی", "logo": ""}}, {"model": "handout.course", "pk": 50, "fields": {"minor": 2, "title": "نقشه کشی صنعتی 1", "logo": ""}}, {"model": "handout.course", "pk": 51, "fields": {"minor": 9, "title": "کنترل اتوماتیک", "logo": ""}}, {"model": "handout.course", "pk": 52, "fields": {"minor": 2, "title": "ریاضی مهندسی", "logo": ""}}, {"model": "handout.course", "pk": 53, "fields": {"minor": 9, "title": "ترمودینامیک 2", "logo": ""}}, {"model": "handout.course", "pk": 54, "fields": {"minor": 21, "title": "انجماد فلزات", "logo": ""}}, {"model": "handout.course", "pk": 55, "fields": {"minor": 19, "title": "الکترونیک 3", "logo": ""}}, {"model": "handout.course", "pk": 56, "fields": {"minor": 13, "title": "شیمی عمومی 1", "logo": ""}}, {"model": "handout.course", "pk": 57, "fields": {"minor": 9, "title": "کنکور ارشد مهندسی مکانیک", "logo": ""}}, {"model": "handout.course", "pk": 58, "fields": {"minor": 22, "title": "کنکور ارشد مهندسی صنایع", "logo": ""}}, {"model": "handout.course", "pk": 59, "fields": {"minor": 23, "title": "مصالح ساختمانی", "logo": ""}}, {"model": "handout.course", "pk": 60, "fields": {"minor": 2, "title": "آزمایشگاه فیزیک 1", "logo": ""}}, {"model": "handout.course", "pk": 61, "fields": {"minor": 13, "title": "کنکور ارشد مهندسی شیمی", "logo": ""}}, {"model": "handout.course", "pk": 62, "fields": {"minor": 8, "title": "مکانیک سیالات", "logo": ""}}, {"model": "handout.course", "pk": 63, "fields": {"minor": 13, "title": "سینتیک و طراحی رآکتور", "logo": ""}}, {"model": "handout.course", "pk": 64, "fields": {"minor": 24, "title": "نمودارگیری چاه", "logo": ""}}, {"model": "handout.course", "pk": 65, "fields": {"minor": 22, "title": "کنترل کیفیت آماری", "logo": ""}}, {"model": "handout.course", "pk": 66, "fields": {"minor": 10, "title": "آزمایشگاه الکترونیک صنعتی", "logo": ""}}, {"model": "handout.course", "pk": 67, "fields": {"minor": 13, "title": "آزمایشگاه شیمی عمومی 1", "logo": ""}}, {"model": "handout.course", "pk": 68, "fields": {"minor": 13, "title": "کارآموزی مهندسی شیمی", "logo": ""}}, {"model": "handout.course", "pk": 69, "fields": {"minor": 9, "title": "ترمودینامیک 1", "logo": ""}}, {"model": "handout.course", "pk": 70, "fields": {"minor": 25, "title": "کانی شناسی توصیفی", "logo": ""}}, {"model": "handout.course", "pk": 71, "fields": {"minor": 16, "title": "انقلاب اسلامی", "logo": ""}}, {"model": "handout.course", "pk": 72, "fields": {"minor": 11, "title": "میدان ها و امواج", "logo": ""}}, {"model": "handout.course", "pk": 73, "fields": {"minor": 11, "title": "طراحی مدارهای فرکانس بالا", "logo": ""}}, {"model": "handout.course", "pk": 74, "fields": {"minor": 11, "title": "اندازه گیری مایکروویو", "logo": ""}}, {"model": "handout.course", "pk": 75, "fields": {"minor": 19, "title": "مدارهای الکترونیکی", "logo": ""}}, {"model": "handout.course", "pk": 76, "fields": {"minor": 10, "title": "مدارهای منطقی", "logo": ""}}, {"model": "handout.course", "pk": 77, "fields": {"minor": 10, "title": "مدار الکتریکی 2", "logo": ""}}, {"model": "handout.course", "pk": 78, "fields": {"minor": 26, "title": "الکترونیک کاربردی", "logo": ""}}, {"model": "handout.course", "pk": 79, "fields": {"minor": 11, "title": "آنتن 1", "logo": ""}}, {"model": "handout.course", "pk": 80, "fields": {"minor": 22, "title": "تحقیق در عملیات", "logo": ""}}, {"model": "handout.course", "pk": 81, "fields": {"minor": 21, "title": "آزمایش های غیرمخرب (NDT)", "logo": ""}}, {"model": "handout.category", "pk": 3, "fields": {"title": "جزوه", "logo": ""}}, {"model": "handout.category", "pk": 4, "fields": {"title": "کتاب", "logo": ""}}, {"model": "handout.category", "pk": 5, "fields": {"title": "نمونه سوال امتحانی", "logo": ""}}, {"model": "handout.category", "pk": 6, "fields": {"title": "حل المسائل", "logo": ""}}, {"model": "handout.category", "pk": 7, "fields": {"title": "نمونه سوال کنکور", "logo": ""}}, {"model": "handout.category", "pk": 8, "fields": {"title": "جزوه کنکور", "logo": ""}}, {"model": "handout.category", "pk": 9, "fields": {"title": "آموزش نرم افزار", "logo": ""}}, {"model": "handout.category", "pk": 10, "fields": {"title": "گزارش کار", "logo": ""}}, {"model": "handout.category", "pk": 11, "fields": {"title": "تکالیف درسی", "logo": ""}}, {"model": "handout.handout", "pk": 20, "fields": {"category": 3, "course": 4, "file": "storage/handout/Riazi_1.pdf", "year": 1392, "professor": 2, "university": 67, "author": "امیرعرفان موسوی", "description": "دانشگاه علم و صنعت ایران\n دکتر استادباشی\nهمه رشته های مهندسی همه گرایش های مهندسی\nتهیه و تنظیم از انجمن علمی دانشکده مهندسی راه آهن", "upload_datetime": "2019-11-12T15:41:42.960Z", "title": "جزوه ریاضی 1دکتر استادباشی", "add_datetime": "2019-11-16T00:55:43.820Z", "modify_datetime": "2019-11-24T03:19:16.142Z", "logo": "", "is_processed": false}}, {"model": "handout.handout", "pk": 21, "fields": {"category": 3, "course": 5, "file": "storage/handout/Binder1.pdf", "year": null, "professor": 3, "university": 51, "author": null, "description": "دانشگاه صنعتی امیرکبیر\n دکتر دهقان\nمهندسی کامپیوتر همه گرایش های مهندسی کامپیوتر\nبا همکاری دانشکده مهندسی کامپیوتر و فناوری اطلاعات دانشگاه امیرکبیر", "upload_datetime": "2019-11-12T16:03:15.445Z", "title": "جزوه ساختمان دادهدکتر دهقان", "add_datetime": "2019-11-16T00:55:43.820Z", "modify_datetime": "2019-11-24T03:19:06.063Z", "logo": "", "is_processed": false}}, {"model": "handout.handout", "pk": 22, "fields": {"category": 8, "course": 6, "file": "storage/handout/a.pdf", "year": null, "professor": 4, "university": 658, "author": null, "description": "موسسه آموزش عالی آزاد بینش\n دکتر پنام زرفام\nمهندسی عمران همه گرایش های مهندسی عمران\nجزوه دست نویس ویژه آزمون کنکور کارشناسی ارشد", "upload_datetime": "2019-11-12T17:52:33.767Z", "title": "جزوه کنکور تحلیل سازهدکتر پنام زرفام", "add_datetime": "2019-11-16T00:55:43.820Z", "modify_datetime": "2019-11-24T03:19:01.515Z", "logo": "", "is_processed": false}}, {"model": "handout.handout", "pk": 23, "fields": {"category": 3, "course": 7, "file": "storage/handout/StatisticsProbability1.pdf", "year": null, "professor": 5, "university": 51, "author": "مرتضی بخشعلی", "description": "", "upload_datetime": "2019-11-12T18:03:13.324Z", "title": null, "add_datetime": "2019-11-16T00:55:43.820Z", "modify_datetime": "2019-11-16T00:55:44.200Z", "logo": "", "is_processed": false}}, {"model": "handout.handout", "pk": 24, "fields": {"category": 3, "course": 8, "file": "storage/handout/Binder1_pcU4FeN.pdf", "year": null, "professor": 6, "university": 19, "author": null, "description": "دانشگاه تربیت مدرس\n دکتر علی حق طلب\nمهندسی مکانیک همه گرایش های مهندسی مکانیک\nجزوه به صورت تایپ شده است", "upload_datetime": "2019-11-12T18:20:47.670Z", "title": "جزوه سیالات پیشرفتهدکتر علی حق طلب", "add_datetime": "2019-11-16T00:55:43.820Z", "modify_datetime": "2019-11-24T03:18:52.238Z", "logo": "", "is_processed": false}}, {"model": "handout.handout", "pk": 25, "fields": {"category": 3, "course": 9, "file": "storage/handout/Mabani_bargh.pdf", "year": null, "professor": 7, "university": 305, "author": "فرشاد سرایی", "description": "دانشگاه آزاد اسلامی واحد تهران جنوب\n دکتر عبدالله زاده\nهمه رشته های مهندسی همه گرایش های مهندسی", "upload_datetime": "2019-11-12T18:26:06.144Z", "title": "جزوه مبانی مهندسی برق 1دکتر عبدالله زاده", "add_datetime": "2019-11-16T00:55:43.820Z", "modify_datetime": "2019-11-24T03:18:46.370Z", "logo": "", "is_processed": false}}, {"model": "handout.handout", "pk": 26, "fields": {"category": 3, "course": 10, "file": "storage/handout/Dynamic.pdf", "year": null, "professor": 8, "university": 51, "author": null, "description": "دانشگاه صنعتی امیرکبیر\n دکتر اسلامی\nمهندسی مکانیک همه گرایش های مهندسی مکانیک\nبا همکاری شورای صنفی دانشکده مکانیک دانشگاه امیرکبیر", "upload_datetime": "2019-11-12T18:29:41.760Z", "title": "جزوه دینامیک ماشیندکتر اسلامی", "add_datetime": "2019-11-16T00:55:43.820Z", "modify_datetime": "2019-11-24T03:18:56.592Z", "logo": "", "is_processed": false}}, {"model": "handout.handout", "pk": 27, "fields": {"category": 3, "course": 11, "file": "storage/handout/433cb787.pdf", "year": 1384, "professor": 9, "university": 50, "author": null, "description": "دانشگاه صنعتی اصفهان\n دکتر سید جمال الدین گلستانی\nمهندسی برق مخابرات\nهمراه با نمونه سوالات امتحانی مخابرات سیار و حل مسائل تکلیف", "upload_datetime": "2019-11-12T18:39:05.629Z", "title": "جزوه مخابرات سیاردکتر سید جمال الدین گلستانی", "add_datetime": "2019-11-16T00:55:43.820Z", "modify_datetime": "2019-11-24T03:18:29.746Z", "logo": "", "is_processed": false}}, {"model": "handout.handout", "pk": 28, "fields": {"category": 5, "course": 12, "file": "storage/handout/PHZIKpdf.pdf", "year": null, "professor": 2, "university": 60, "author": null, "description": "دانشگاه صنعتی شریف\n دکتر استادباشی\nهمه رشته های مهندسی همه گرایش های مهندسی\nنمونه سوالات امتحانی میان ترم اول و دوم درس فیزیک 1 سال های 1384 تا 1391", "upload_datetime": "2019-11-12T18:48:19.076Z", "title": "نمونه سوال امتحانی فیزیک 1دکتر استادباشی", "add_datetime": "2019-11-16T00:55:43.820Z", "modify_datetime": "2019-11-24T03:18:23.296Z", "logo": "", "is_processed": false}}, {"model": "handout.handout", "pk": 29, "fields": {"category": 3, "course": 13, "file": "storage/handout/omran.pdf", "year": 1393, "professor": 10, "university": 56, "author": null, "description": "دانشگاه صنعتی خواجه نصیرالدین طوسی\n دکتر محمدرضا کاویانپور\nمهندسی عمران آب\nجزوه به صورت تایپ شده است", "upload_datetime": "2019-11-12T21:04:26.021Z", "title": "جزوه طراحی هیدرولیكی سازه هادکتر محمدرضا کاویانپور", "add_datetime": "2019-11-16T00:55:43.820Z", "modify_datetime": "2019-11-24T03:18:10.913Z", "logo": "", "is_processed": false}}, {"model": "handout.handout", "pk": 30, "fields": {"category": 9, "course": 14, "file": "storage/handout/1.pdf", "year": null, "professor": null, "university": null, "author": "مهندس عبدی", "description": "مهندسی برق همه گرایش های مهندسی برق", "upload_datetime": "2019-11-12T21:10:29.461Z", "title": "آموزش نرم افزار آموزش Pspice 9.2", "add_datetime": "2019-11-16T00:55:43.820Z", "modify_datetime": "2019-11-24T03:18:05.909Z", "logo": "", "is_processed": false}}, {"model": "handout.handout", "pk": 31, "fields": {"category": 3, "course": 15, "file": "storage/handout/Inorganic_1.pdf", "year": null, "professor": 12, "university": 574, "author": "محمود دلاور", "description": "دانشگاه پیام نور ایلام\n دکتر محمود دلاور\nمهندسی شیمی همه گرایش های مهندسی شیمی\nجزوه به صورت پاورپوینت گونه است", "upload_datetime": "2019-11-12T21:20:21.097Z", "title": "جزوه شیمی معدنی 1دکتر محمود دلاور", "add_datetime": "2019-11-16T00:55:43.820Z", "modify_datetime": "2019-11-24T03:17:59.759Z", "logo": "", "is_processed": false}}, {"model": "handout.handout", "pk": 33, "fields": {"category": 6, "course": 4, "file": "storage/handout/Binder1_zuf7uzY.pdf", "year": 1387, "professor": null, "university": null, "author": "عرفان صلواتی، میرامید حاجی میرصادقی، سام نریمان", "description": "همه رشته های مهندسی همه گرایش های مهندسی\nکتاب دست نویس راهنمای حل مسائل حساب دیفرانسیل و انتگرال\r\nحل‌المسائل کتاب ریاضی ۱ دکتر سیاوش شهشهانی", "upload_datetime": "2019-11-13T17:51:34.848Z", "title": "حل المسائل ریاضی 1", "add_datetime": "2019-11-16T00:55:43.820Z", "modify_datetime": "2019-11-24T03:17:48.307Z", "logo": "", "is_processed": false}}, {"model": "handout.handout", "pk": 34, "fields": {"category": 6, "course": 17, "file": "storage/handout/Elementary_Principles.pdf", "year": null, "professor": null, "university": null, "author": null, "description": "مهندسی شیمی همه گرایش های مهندسی شیمی\nپاسخ‌نامه‌ی کتاب \"اصول ابتدایی فرایندهای شیمیایی\" فلدر\r\nفایل تایپی و فصل یک در حل المسائل وجود ندارد", "upload_datetime": "2019-11-13T18:14:36.110Z", "title": "حل المسائل اصول ابتدایی فرایندهای شیمیایی", "add_datetime": "2019-11-16T00:55:43.820Z", "modify_datetime": "2019-11-24T03:17:43.394Z", "logo": "", "is_processed": false}}, {"model": "handout.handout", "pk": 35, "fields": {"category": 9, "course": 18, "file": "storage/handout/chassis_HYSYS_Jozve_opt.pdf", "year": 1394, "professor": 14, "university": 659, "author": "مهدی رازی فر", "description": "پژوهشگاه صنعت نفت\n مهندس مهدی رازی فر\nمهندسی شیمی همه گرایش های مهندسی شیمی\nآموزش جامع شبیه سازی با نرم افزار HYSYS", "upload_datetime": "2019-11-13T18:39:17.575Z", "title": "آموزش نرم افزار شبیه سازی فرایندهای شیمیاییمهندس مهدی رازی فر", "add_datetime": "2019-11-16T00:55:43.820Z", "modify_datetime": "2019-11-24T03:17:38.619Z", "logo": "", "is_processed": false}}, {"model": "handout.handout", "pk": 36, "fields": {"category": 9, "course": 19, "file": "storage/handout/chassis-Atmospheric_Crude_Tower_Simulation_HYSYS.pdf", "year": null, "professor": null, "university": null, "author": null, "description": "مهندسی شیمی همه گرایش های مهندسی شیمی\nجزوه آموزشی شبیه سازی برج تقطیر اتمسفری با استفاده از ھایسیس Aspen Hysys (زبان جزوه انگلیسی)", "upload_datetime": "2019-11-13T18:42:51.307Z", "title": "آموزش نرم افزار شبیه سازی برج تقطیر اتمسفری", "add_datetime": "2019-11-16T00:55:43.820Z", "modify_datetime": "2019-11-24T03:17:28.300Z", "logo": "", "is_processed": false}}, {"model": "handout.handout", "pk": 37, "fields": {"category": 9, "course": 20, "file": "storage/handout/chassis-comsal_handbook.pdf", "year": null, "professor": null, "university": null, "author": "مهندس حجت مختاری", "description": "همه رشته های مهندسی همه گرایش های مهندسی\nهندبوک راهنمای کامل و کاربردی نرم افزار COMSOL به زبان فارسی", "upload_datetime": "2019-11-13T19:03:06.650Z", "title": "آموزش نرم افزار آموزش نرم افزار COMSOL", "add_datetime": "2019-11-16T00:55:43.820Z", "modify_datetime": "2019-11-24T03:17:22.410Z", "logo": "", "is_processed": false}}, {"model": "handout.handout", "pk": 38, "fields": {"category": 10, "course": 21, "file": "storage/handout/medar.pdf", "year": null, "professor": null, "university": null, "author": "محمد علیان", "description": "مهندسی برق مخابرات\nگزارش کار آزمایشگاه مدارهای مخابراتی به صورت تایپ شده و کامل", "upload_datetime": "2019-11-13T19:10:47.515Z", "title": "گزارش کار مدارهای مخابراتی", "add_datetime": "2019-11-16T00:55:43.820Z", "modify_datetime": "2019-11-24T03:17:14.235Z", "logo": "", "is_processed": false}}, {"model": "handout.handout", "pk": 44, "fields": {"category": 5, "course": 22, "file": "storage/handout/0c0e528c.pdf", "year": null, "professor": null, "university": 60, "author": null, "description": "دانشگاه صنعتی شریف\nمهندسی برق همه گرایش های مهندسی برق\nنمونه سوال پایانترم درس مدارهای آنالوگ به همراه پاسخ", "upload_datetime": "2019-11-21T22:18:32.444Z", "title": "نمونه سوال امتحانی مدارهای آنالوگ", "add_datetime": "2019-11-21T22:18:32.444Z", "modify_datetime": "2019-11-24T03:17:07.003Z", "logo": "", "is_processed": false}}, {"model": "handout.handout", "pk": 45, "fields": {"category": 3, "course": 23, "file": "storage/handout/77b8f691.pdf", "year": 1396, "professor": null, "university": 660, "author": "دانشجویان مکانیک ورودی 95", "description": "دانشگاه تهران\nهمه رشته های مهندسی همه گرایش های مهندسی\nخلاصه نکات مباحث پایان ترم فیزیک 2", "upload_datetime": "2019-11-21T22:32:07.506Z", "title": "جزوه فیزیک 2", "add_datetime": "2019-11-21T22:32:07.506Z", "modify_datetime": "2019-11-24T03:17:00.219Z", "logo": "", "is_processed": false}}, {"model": "handout.handout", "pk": 46, "fields": {"category": 5, "course": 24, "file": "storage/handout/51041276.pdf", "year": null, "professor": null, "university": 27, "author": null, "description": "دانشگاه خوارزمی تهران\nمهندسی برق همه گرایش های مهندسی برق\nنمونه سوالات سالهای 92 تا 94", "upload_datetime": "2019-11-21T22:37:46.276Z", "title": "نمونه سوال امتحانی ماشین های الکتریکی 1", "add_datetime": "2019-11-21T22:37:46.276Z", "modify_datetime": "2019-11-24T03:16:47.247Z", "logo": "", "is_processed": false}}, {"model": "handout.handout", "pk": 47, "fields": {"category": 5, "course": 25, "file": "storage/handout/86d12130.pdf", "year": 1395, "professor": null, "university": 60, "author": null, "description": "دانشگاه صنعتی شریف\nهمه رشته های مهندسی همه گرایش های مهندسی\nامتحان پایانترم نیمسال اول به همراه پاسخ تشریحی", "upload_datetime": "2019-11-21T22:40:51.225Z", "title": "نمونه سوال امتحانی ریاضی 2", "add_datetime": "2019-11-21T22:40:51.225Z", "modify_datetime": "2019-11-24T03:15:50.753Z", "logo": "", "is_processed": false}}, {"model": "handout.handout", "pk": 48, "fields": {"category": 3, "course": 26, "file": "storage/handout/a40a83bd.pdf", "year": null, "professor": 15, "university": 6, "author": "روح الله شیشه بران", "description": "دانشگاه اصفهان\r\n دکتر مهرداد پورسینا\r\nمهندسی مکانیک همه گرایش های مهندسی مکانیک\r\nجزوه به صورت تایپ شده است", "upload_datetime": "2019-11-21T22:56:00.417Z", "title": "جزوه طراحی اجزا 1 دکتر مهرداد پورسینا", "add_datetime": "2019-11-21T22:56:00.417Z", "modify_datetime": "2019-11-24T09:43:52.302Z", "logo": "", "is_processed": false}}, {"model": "handout.handout", "pk": 49, "fields": {"category": 3, "course": 27, "file": "storage/handout/72b01243.pdf", "year": null, "professor": 16, "university": 41, "author": "سبحان رستمی، علی معین الدینی", "description": "جزوه دست نویس اجزاء محدود دکتر عیسی سلاجقه\r\nمهندسی مکانیک همه گرایش های مهندسی مکانیک\r\nدانشگاه شهید باهنر کرمان", "upload_datetime": "2019-11-21T23:31:48.452Z", "title": "جزوه اجزاء محدود (مکانیک) دکتر عیسی سلاجقه", "add_datetime": "2019-11-21T23:31:48.452Z", "modify_datetime": "2019-11-24T09:38:43.352Z", "logo": "", "is_processed": false}}, {"model": "handout.handout", "pk": 52, "fields": {"category": 3, "course": 28, "file": "storage/handout/e6f99d39.pdf", "year": 1386, "professor": 17, "university": 27, "author": null, "description": "دانشگاه خوارزمی تهران\n دکتر سلیمانی\nمهندسی برق همه گرایش های مهندسی برق\nبه همراه فرمول های ضروری و مورد نیاز الکترومغناطیس در صفحات آخر جزوه", "upload_datetime": "2019-11-24T18:14:06.898Z", "title": "جزوه الکترومغناطیس دکتر سلیمانی", "add_datetime": "2019-11-24T18:14:06.898Z", "modify_datetime": "2019-11-24T18:14:06.898Z", "logo": "", "is_processed": false}}, {"model": "handout.handout", "pk": 53, "fields": {"category": 5, "course": 29, "file": "storage/handout/00f23929.pdf", "year": 1384, "professor": null, "university": 60, "author": null, "description": "دانشگاه صنعتی شریف\r\nمهندسی برق همه گرایش های مهندسی برق\r\nامتحان پایان ترم نیمسال دوم", "upload_datetime": "2019-11-24T19:03:27.859Z", "title": "نمونه سوال امتحانی الکترونیک 1", "add_datetime": "2019-11-24T19:03:27.859Z", "modify_datetime": "2019-11-24T19:06:52.157Z", "logo": "", "is_processed": false}}, {"model": "handout.handout", "pk": 54, "fields": {"category": 3, "course": 30, "file": "storage/handout/84f5d7c5.pdf", "year": null, "professor": null, "university": null, "author": null, "description": "همه رشته های مهندسی همه گرایش های مهندسی\r\nخلاصه نکات دو فصل اول معادلات دیفرانسیل مخصوص امتحان میان ترم", "upload_datetime": "2019-11-24T19:24:50.987Z", "title": "جزوه خلاصه نکات معادلات دیفرانسیل", "add_datetime": "2019-11-24T19:24:50.987Z", "modify_datetime": "2019-11-24T19:27:11.669Z", "logo": "", "is_processed": false}}, {"model": "handout.handout", "pk": 55, "fields": {"category": 5, "course": 31, "file": "storage/handout/67a2bb38.pdf", "year": 1396, "professor": null, "university": 67, "author": null, "description": "دانشگاه علم و صنعت ایران\nمهندسی مکانیک سیالات\nامتحان پایان ترم آزمایشگاه هیدرولیک همراه با جواب", "upload_datetime": "2019-11-30T18:13:30.423Z", "title": "نمونه سوال امتحانی آزمایشگاه هدرولیک و مکانیک سیالات", "add_datetime": "2019-11-30T18:13:30.423Z", "modify_datetime": "2019-11-30T18:13:30.423Z", "logo": "", "is_processed": false}}, {"model": "handout.handout", "pk": 56, "fields": {"category": 5, "course": 32, "file": "storage/handout/139330c8.pdf", "year": 1390, "professor": null, "university": 60, "author": null, "description": "دانشگاه صنعتی شریف\nمهندسی کامپیوتر همه گرایش های مهندسی کامپیوتر\nنمونه سوال میانترم برنامه نویسی", "upload_datetime": "2019-11-30T19:02:36.408Z", "title": "نمونه سوال امتحانی برنامه نویسی", "add_datetime": "2019-11-30T19:02:36.408Z", "modify_datetime": "2019-11-30T19:02:36.408Z", "logo": "", "is_processed": false}}, {"model": "handout.handout", "pk": 57, "fields": {"category": 5, "course": 9, "file": "storage/handout/0a9793b6.pdf", "year": 1396, "professor": 18, "university": 60, "author": null, "description": "دانشگاه صنعتی شریف\n دکتر نصیری\nهمه رشته های مهندسی همه گرایش های مهندسی\nامتحان پایان ترم مبانی برق 1", "upload_datetime": "2019-11-30T19:08:16.149Z", "title": "نمونه سوال امتحانی مبانی مهندسی برق 1 دکتر نصیری", "add_datetime": "2019-11-30T19:08:16.149Z", "modify_datetime": "2019-11-30T19:08:16.149Z", "logo": "", "is_processed": false}}, {"model": "handout.handout", "pk": 58, "fields": {"category": 5, "course": 33, "file": "storage/handout/4f61df6c.pdf", "year": 1391, "professor": null, "university": null, "author": null, "description": "همه رشته ها همه گرایش ها\n36 سوال تشریحی تاریخ تحلیلی صدر اسلام به همراه پاسخ", "upload_datetime": "2019-11-30T19:15:57.596Z", "title": "نمونه سوال امتحانی تاریخ تحلیلی صدر اسلام", "add_datetime": "2019-11-30T19:15:57.596Z", "modify_datetime": "2019-11-30T19:15:57.596Z", "logo": "", "is_processed": false}}, {"model": "handout.handout", "pk": 59, "fields": {"category": 5, "course": 4, "file": "storage/handout/6bc16429.pdf", "year": 1396, "professor": null, "university": 51, "author": "مصطفی عباس زاده", "description": "دانشگاه صنعتی امیرکبیر\r\nهمه رشته های مهندسی همه گرایش های مهندسی\r\nامتحان میان ترم دوم درس ریاضی 1 به همراه پاسخ", "upload_datetime": "2019-11-30T19:22:47.144Z", "title": "نمونه سوال میانترم ریاضی 1", "add_datetime": "2019-11-30T19:22:47.145Z", "modify_datetime": "2019-11-30T19:24:56.409Z", "logo": "", "is_processed": false}}, {"model": "handout.handout", "pk": 60, "fields": {"category": 5, "course": 34, "file": "storage/handout/70c87275.pdf", "year": null, "professor": null, "university": null, "author": null, "description": "همه رشته ها همه گرایش ها\r\n30 سوال تشریحی درس تاریخ امامت (بدون پاسخ)", "upload_datetime": "2019-11-30T19:34:38.453Z", "title": "نمونه سوال امتحانی تاریخ امامت", "add_datetime": "2019-11-30T19:34:38.453Z", "modify_datetime": "2019-11-30T19:43:04.159Z", "logo": "", "is_processed": false}}, {"model": "handout.handout", "pk": 61, "fields": {"category": 5, "course": 35, "file": "storage/handout/85b95635.pdf", "year": 1392, "professor": null, "university": null, "author": null, "description": "همه رشته ها همه گرایش ها\n30 سوال تستی درس اندیشه اسلامی 1 نمیسال دوم 92-91", "upload_datetime": "2019-11-30T19:42:32.043Z", "title": "نمونه سوال امتحانی اندیشه اسلامی 1", "add_datetime": "2019-11-30T19:42:32.043Z", "modify_datetime": "2019-11-30T19:42:32.043Z", "logo": "", "is_processed": false}}, {"model": "handout.handout", "pk": 62, "fields": {"category": 5, "course": 36, "file": "storage/handout/20dd1680.pdf", "year": 1392, "professor": null, "university": null, "author": null, "description": "همه رشته ها همه گرایش ها\n30 سوال تستی درس اخلاق اسلامی نیمسال دوم 92-91", "upload_datetime": "2019-11-30T19:47:04.827Z", "title": "نمونه سوال امتحانی اخلاق اسلامی", "add_datetime": "2019-11-30T19:47:04.827Z", "modify_datetime": "2019-11-30T19:47:04.827Z", "logo": "", "is_processed": false}}, {"model": "handout.handout", "pk": 63, "fields": {"category": 8, "course": 26, "file": "storage/handout/9bce7a3d.pdf", "year": null, "professor": 19, "university": null, "author": "شاهد میرزا محمدی", "description": " مهندس شاهد میرزا محمدی\nمهندسی مکانیک همه گرایش های مهندسی مکانیک\nخلاصه و نکات درس طراحی اجزا مناسب برای کنکور ارشد مکانیک", "upload_datetime": "2019-11-30T19:58:18.409Z", "title": "جزوه کنکور طراحی اجزا 1 مهندس شاهد میرزا محمدی", "add_datetime": "2019-11-30T19:58:18.409Z", "modify_datetime": "2019-11-30T19:58:18.409Z", "logo": "", "is_processed": false}}, {"model": "handout.handout", "pk": 64, "fields": {"category": 8, "course": 37, "file": "storage/handout/6e4fae89.pdf", "year": null, "professor": 19, "university": null, "author": "مهندس شاهد میرزا محمدی", "description": " مهندس شاهد میرزا محمدی\nمهندسی مکانیک همه گرایش های مهندسی مکانیک\nخلاصه و نکات درس استاتیک مناسب برای کنکور ارشد مکانیک", "upload_datetime": "2019-11-30T20:03:16.569Z", "title": "جزوه کنکور استاتیک مهندس شاهد میرزا محمدی", "add_datetime": "2019-11-30T20:03:16.569Z", "modify_datetime": "2019-11-30T20:03:16.569Z", "logo": "", "is_processed": false}}, {"model": "handout.handout", "pk": 65, "fields": {"category": 3, "course": 23, "file": "storage/handout/cbdacd75.pdf", "year": 1396, "professor": null, "university": null, "author": null, "description": "همه رشته های مهندسی همه گرایش های مهندسی\nخلاصه و نکات درس فیزیک 2 مناسب برای امتحان پایان ترم", "upload_datetime": "2019-11-30T20:19:46.011Z", "title": "جزوه فیزیک 2", "add_datetime": "2019-11-30T20:19:46.011Z", "modify_datetime": "2019-11-30T20:19:46.011Z", "logo": "", "is_processed": false}}, {"model": "handout.handout", "pk": 66, "fields": {"category": 5, "course": 23, "file": "storage/handout/e7f47f52.pdf", "year": 1394, "professor": null, "university": 50, "author": null, "description": "دانشگاه صنعتی اصفهان\nهمه رشته های مهندسی همه گرایش های مهندسی\nامتحان میانترم اول فیزیک 2، نمیسال دوم 1394", "upload_datetime": "2019-11-30T20:33:48.378Z", "title": "نمونه سوال امتحانی فیزیک 2", "add_datetime": "2019-11-30T20:33:48.378Z", "modify_datetime": "2019-11-30T20:33:48.378Z", "logo": "", "is_processed": false}}, {"model": "handout.handout", "pk": 67, "fields": {"category": 10, "course": 38, "file": "storage/handout/1d821539.pdf", "year": 1395, "professor": 20, "university": 148, "author": null, "description": "دانشگاه علوم پزشکی تهران\r\n دکتر مهدی قاسم خوانی\r\nبهداشت حرفه ای همه گرایش های بهداشت حرفه ای", "upload_datetime": "2019-11-30T20:47:44.051Z", "title": "گزارش کارآموزی در کارخانه آرد گندم طلایی کرج", "add_datetime": "2019-11-30T20:47:44.051Z", "modify_datetime": "2019-11-30T20:49:36.213Z", "logo": "", "is_processed": false}}, {"model": "handout.handout", "pk": 68, "fields": {"category": 5, "course": 39, "file": "storage/handout/c684f3e3.pdf", "year": null, "professor": null, "university": null, "author": null, "description": "همه رشته ها، همه گرایش ها\r\nنمونه سوال تستی درس اندیشه اسلامی 2 به همراه پاسخ", "upload_datetime": "2019-12-04T18:22:55.994Z", "title": "نمونه سوال امتحانی اندیشه اسلامی 2 همراه با جواب", "add_datetime": "2019-12-04T18:22:55.994Z", "modify_datetime": "2019-12-04T18:24:38.584Z", "logo": "", "is_processed": false}}, {"model": "handout.handout", "pk": 69, "fields": {"category": 5, "course": 40, "file": "storage/handout/e4f20e04.pdf", "year": null, "professor": 21, "university": 15, "author": null, "description": "دکتر میرهادی سید عربی\r\nمهندسی برق، همه گرایش های مهندسی برق\r\nدانشگاه تبریز\r\nنمونه سوال درس تجزیه و تحلیل سیگنال ها و سیستم ها همراه با پاسخ تشریحی", "upload_datetime": "2019-12-04T18:34:00.431Z", "title": "نمونه سوال درس سیگنال و سیستم  دکتر میرهادی سید عربی", "add_datetime": "2019-12-04T18:34:00.431Z", "modify_datetime": "2019-12-04T18:34:48.172Z", "logo": "", "is_processed": false}}, {"model": "handout.handout", "pk": 70, "fields": {"category": 5, "course": 32, "file": "storage/handout/3153fd69.pdf", "year": 1397, "professor": null, "university": 51, "author": null, "description": "مهندسی کامپیوتر، همه گرایش های مهندسی کامپیوتر\r\nدانشگاه صنعتی امیرکبیر\r\nامتحان پایان ترم درس برنامه نویسی نمیسال دوم 97", "upload_datetime": "2019-12-04T18:39:02.576Z", "title": "نمونه سوال امتحانی برنامه نویسی", "add_datetime": "2019-12-04T18:39:02.576Z", "modify_datetime": "2019-12-04T18:39:45.443Z", "logo": "", "is_processed": false}}, {"model": "handout.handout", "pk": 71, "fields": {"category": 3, "course": 41, "file": "storage/handout/a28c6fb5.pdf", "year": null, "professor": null, "university": null, "author": null, "description": "همه رشته ها، همه گرایش ها\r\nجزوه دست نویس گرامر زبان انگلیسی عمومی", "upload_datetime": "2019-12-04T18:45:23.582Z", "title": "جزوه قواعد زبان انگلیسی عمومی", "add_datetime": "2019-12-04T18:45:23.582Z", "modify_datetime": "2019-12-04T18:48:37.100Z", "logo": "", "is_processed": false}}, {"model": "handout.handout", "pk": 72, "fields": {"category": 3, "course": 42, "file": "storage/handout/f464b93f.pdf", "year": 1386, "professor": null, "university": null, "author": "محمدرضا جهانگیری", "description": "مهندسی مکانیک، حرارت و سیالات\r\nمحمدرضا جهانگیری\r\nکتابچه آموزشی طراحی قسمت های مختلف سیستم های تهویه مطبوع", "upload_datetime": "2019-12-04T18:56:46.571Z", "title": "جزوه طراحی سیستم های تهویه مطبوع", "add_datetime": "2019-12-04T18:56:46.571Z", "modify_datetime": "2019-12-04T18:57:21.392Z", "logo": "", "is_processed": false}}, {"model": "handout.handout", "pk": 73, "fields": {"category": 3, "course": 43, "file": "storage/handout/74d06b2c.pdf", "year": null, "professor": 33, "university": 60, "author": null, "description": "مهندسی برق، الکترونیک\r\nجزوه دست نویس درس تکنیک پالس", "upload_datetime": "2019-12-04T20:20:39.843Z", "title": "جزوه درس تکنیک پالس", "add_datetime": "2019-12-04T20:20:39.843Z", "modify_datetime": "2019-12-06T07:52:30.292Z", "logo": "", "is_processed": false}}, {"model": "handout.handout", "pk": 74, "fields": {"category": 5, "course": 44, "file": "storage/handout/5315f136.pdf", "year": 1395, "professor": 22, "university": 56, "author": null, "description": "دکتر علی اکبر موسویان\nمهندسی مکانیک، طراحی جامدات\nدانشگاه صنعتی خواجه نصیرالدین طوسی\nامتحان پایان ترم درس طراحی مکانیزم ها نیمسال دوم", "upload_datetime": "2019-12-04T20:35:34.682Z", "title": "نمونه سوال امتحانی طراحی مکانیزم ها  دکتر علی اکبر موسویان", "add_datetime": "2019-12-04T20:35:34.682Z", "modify_datetime": "2019-12-04T20:35:34.682Z", "logo": "", "is_processed": false}}, {"model": "handout.handout", "pk": 75, "fields": {"category": 3, "course": 45, "file": "storage/handout/f7badd51.pdf", "year": null, "professor": null, "university": null, "author": null, "description": "همه رشته ها، همه گرایش ها\r\nمنبع : کتاب تاریخ فرهنگ و تمدن اسلامی دکتر فاطمه جان احمدی", "upload_datetime": "2019-12-04T20:48:49.840Z", "title": "خلاصه و نکات کتاب تاریخ فرهنگ و تمدن اسلامی", "add_datetime": "2019-12-04T20:48:49.840Z", "modify_datetime": "2019-12-04T20:49:27.107Z", "logo": "", "is_processed": false}}, {"model": "handout.handout", "pk": 76, "fields": {"category": 3, "course": 46, "file": "storage/handout/8283a797.pdf", "year": 1394, "professor": 23, "university": 60, "author": null, "description": "دکتر مسعود فرونچی\r\nمهندسی شیمی، همه گرایش های مهندسی شیمی\r\nدانشگاه صنعتی شریف\r\nجزوه دست نویس مبانی مهندسی پلیمر نیمسال دوم 94", "upload_datetime": "2019-12-05T12:03:19.192Z", "title": "جزوه مبانی مهندسی پلیمر  دکتر مسعود فرونچی", "add_datetime": "2019-12-05T12:03:19.192Z", "modify_datetime": "2019-12-05T12:04:52.802Z", "logo": "", "is_processed": false}}, {"model": "handout.handout", "pk": 77, "fields": {"category": 3, "course": 47, "file": "storage/handout/9cd31719.pdf", "year": 1394, "professor": 24, "university": 50, "author": null, "description": "دکتر سعیدی\nمهندسی برق، همه گرایش های مهندسی برق\nدانشگاه صنعتی اصفهان\nجزوه دست نویس مدار 1 نیمسال دوم 94", "upload_datetime": "2019-12-05T12:24:02.356Z", "title": "جزوه مدارهای الکتریکی 1  دکتر سعیدی", "add_datetime": "2019-12-05T12:24:02.356Z", "modify_datetime": "2019-12-05T12:24:02.356Z", "logo": "", "is_processed": false}}, {"model": "handout.handout", "pk": 78, "fields": {"category": 3, "course": 32, "file": "storage/handout/00e6543d.pdf", "year": null, "professor": 25, "university": 67, "author": null, "description": "مهندس عباس عزیز جلالی\r\nمهندسی کامپیوتر، همه گرایش های مهندسی کامپیوتر\r\nدانشگاه علم و صنعت ایران\r\nجزوه تایپ شده آموزش برنامه نویسی C++", "upload_datetime": "2019-12-05T12:45:13.210Z", "title": "جزوه برنامه نویسی  ++C مهندس عباس عزیز جلالی", "add_datetime": "2019-12-05T12:45:13.210Z", "modify_datetime": "2019-12-05T12:49:28.938Z", "logo": "", "is_processed": false}}, {"model": "handout.handout", "pk": 79, "fields": {"category": 3, "course": 48, "file": "storage/handout/ec7eb851.pdf", "year": null, "professor": 26, "university": 60, "author": null, "description": "دکتر سهیلا یغمایی\nمهندسی شیمی، همه گرایش های مهندسی شیمی\nدانشگاه صنعتی شریف\nجزوه دست نویس درس کاتالیزورهای صنعتی", "upload_datetime": "2019-12-05T13:14:53.739Z", "title": "جزوه کاتالیزورهای صنعتی  دکتر سهیلا یغمایی", "add_datetime": "2019-12-05T13:14:53.739Z", "modify_datetime": "2019-12-05T13:14:53.739Z", "logo": "", "is_processed": false}}, {"model": "handout.handout", "pk": 80, "fields": {"category": 5, "course": 49, "file": "storage/handout/e38412e1.pdf", "year": null, "professor": null, "university": 67, "author": null, "description": "همه رشته های مهندسی، همه گرایش های مهندسی\r\nدانشگاه علم و صنعت ایران\r\n5 امتحان پایان ترم درس محاسبات عددی\r\nهمراه با پاسخ تشریحی", "upload_datetime": "2019-12-05T17:52:28.974Z", "title": "نمونه سوال امتحانی محاسبات عددی", "add_datetime": "2019-12-05T17:52:28.974Z", "modify_datetime": "2019-12-05T17:54:31.874Z", "logo": "", "is_processed": false}}, {"model": "handout.handout", "pk": 81, "fields": {"category": 3, "course": 39, "file": "storage/handout/73f56dd8.pdf", "year": null, "professor": 27, "university": 67, "author": null, "description": "دکتر کریمی\nهمه رشته ها، همه گرایش ها\nدانشگاه علم و صنعت ایران\nجزوه تایپ شده درس اندیشه اسلامی 2", "upload_datetime": "2019-12-05T18:32:05.131Z", "title": "جزوه اندیشه اسلامی 2  دکتر کریمی", "add_datetime": "2019-12-05T18:32:05.131Z", "modify_datetime": "2019-12-05T18:32:05.131Z", "logo": "", "is_processed": false}}, {"model": "handout.handout", "pk": 82, "fields": {"category": 6, "course": 50, "file": "storage/handout/8002dea9.pdf", "year": null, "professor": 28, "university": null, "author": null, "description": "مهندس متقی پور\nهمه رشته های مهندسی، همه گرایش های مهندسی\nحل تمرین های کتاب رسم فنی و نقشه های صنعتی 1", "upload_datetime": "2019-12-05T18:42:10.456Z", "title": "حل المسائل نقشه کشی صنعتی 1  مهندس متقی پور", "add_datetime": "2019-12-05T18:42:10.456Z", "modify_datetime": "2019-12-05T18:42:10.456Z", "logo": "", "is_processed": false}}, {"model": "handout.handout", "pk": 83, "fields": {"category": 5, "course": 25, "file": "storage/handout/431e4f9a.pdf", "year": 1395, "professor": null, "university": 74, "author": null, "description": "همه رشته های مهندسی، همه گرایش های مهندسی\r\nدانشگاه فردوسی مشهد\r\nامتحان میانترم درس ریاضی عمومی 2 نیمسال دوم 96-95", "upload_datetime": "2019-12-05T18:47:58.511Z", "title": "نمونه سوال امتحانی ریاضی 2", "add_datetime": "2019-12-05T18:47:58.511Z", "modify_datetime": "2019-12-05T18:48:51.521Z", "logo": "", "is_processed": false}}, {"model": "handout.handout", "pk": 84, "fields": {"category": 3, "course": 51, "file": "storage/handout/51e6405b.pdf", "year": null, "professor": 29, "university": 51, "author": null, "description": "دکتر احمد باقری\nمهندسی مکانیک، همه گرایش های مهندسی مکانیک\nدانشگاه صنعتی امیرکبیر\nجزوه تایپ شده درس کنترل اتوماتیک", "upload_datetime": "2019-12-05T18:59:02.979Z", "title": "جزوه کنترل اتوماتیک  دکتر احمد باقری", "add_datetime": "2019-12-05T18:59:02.979Z", "modify_datetime": "2019-12-05T18:59:02.979Z", "logo": "", "is_processed": false}}, {"model": "handout.handout", "pk": 85, "fields": {"category": 5, "course": 35, "file": "storage/handout/5268ab42.pdf", "year": null, "professor": 30, "university": 67, "author": null, "description": "دکتر غلامعلی شجاع منظری\r\nهمه رشته ها، همه گرایش ها\r\nدانشگاه علم و صنعت ایران\r\n234 سوال تستی اندیشه اسلامی 1 به همراه پاسخ", "upload_datetime": "2019-12-05T19:07:41.819Z", "title": "نمونه سوال امتحانی اندیشه اسلامی 1", "add_datetime": "2019-12-05T19:07:41.819Z", "modify_datetime": "2019-12-05T19:21:27.705Z", "logo": "", "is_processed": false}}, {"model": "handout.handout", "pk": 86, "fields": {"category": 3, "course": 52, "file": "storage/handout/fd58c7d8.pdf", "year": 1394, "professor": 31, "university": 60, "author": null, "description": "دکتر باقرپور\r\nهمه رشته های مهندسی، همه گرایش های مهندسی\r\nدانشگاه صنعتی شریف\r\nجزوه دست نویس درس ریاضی مهندسی", "upload_datetime": "2019-12-05T19:30:15.469Z", "title": "جزوه ریاضی مهندسی  دکتر باقرپور", "add_datetime": "2019-12-05T19:30:15.469Z", "modify_datetime": "2019-12-05T19:31:39.480Z", "logo": "", "is_processed": false}}, {"model": "handout.handout", "pk": 87, "fields": {"category": 3, "course": 53, "file": "storage/handout/55732d37.pdf", "year": null, "professor": 32, "university": 60, "author": null, "description": "دکتر فرهاد خراشه\nمهندسی مکانیک، همه گرایش های مهندسی مکانیک\nدانشگاه صنعتی شریف\nجزوه دست نویس درس ترمودینامیک 2", "upload_datetime": "2019-12-06T07:39:08.799Z", "title": "جزوه ترمودینامیک 2  دکتر فرهاد خراشه", "add_datetime": "2019-12-06T07:39:08.799Z", "modify_datetime": "2019-12-06T07:39:08.799Z", "logo": "", "is_processed": false}}, {"model": "handout.handout", "pk": 88, "fields": {"category": 5, "course": 23, "file": "storage/handout/4f578c50.pdf", "year": null, "professor": null, "university": 60, "author": null, "description": "همه رشته های مهندسی، همه گرایش های مهندسی\r\nدانشگاه صنعتی شریف\r\n3 امتحان میانترم و 5  امتحان پایان ترم درس فیزیک 2", "upload_datetime": "2019-12-06T08:36:54.288Z", "title": "نمونه سوال امتحانی فیزیک 2", "add_datetime": "2019-12-06T08:36:54.288Z", "modify_datetime": "2019-12-06T09:20:46.020Z", "logo": "", "is_processed": false}}, {"model": "handout.handout", "pk": 89, "fields": {"category": 3, "course": 54, "file": "storage/handout/ed82e216.pdf", "year": 1386, "professor": 34, "university": 60, "author": null, "description": "دکتر آشوری\nمهندسی مواد، همه گرایش های مهندسی مواد\nدانشگاه صنعتی شریف\nجزوه دست نویس درس انجماد فلزات", "upload_datetime": "2019-12-06T09:19:34.474Z", "title": "جزوه انجماد فلزات  دکتر آشوری", "add_datetime": "2019-12-06T09:19:34.474Z", "modify_datetime": "2019-12-06T09:19:34.474Z", "logo": "", "is_processed": false}}, {"model": "handout.handout", "pk": 90, "fields": {"category": 5, "course": 55, "file": "storage/handout/3c7d89b3.pdf", "year": 1383, "professor": null, "university": 60, "author": null, "description": "مهندسی برق، الکترونیک\r\nدانشگاه صنعتی شریف\r\nامتحان میانترم اول درس الکترونیک 3", "upload_datetime": "2019-12-06T09:28:31.250Z", "title": "نمونه سوال امتحانی الکترونیک 3", "add_datetime": "2019-12-06T09:28:31.250Z", "modify_datetime": "2019-12-06T09:28:45.577Z", "logo": "", "is_processed": false}}, {"model": "handout.handout", "pk": 91, "fields": {"category": 5, "course": 12, "file": "storage/handout/5a4e7e3c.pdf", "year": 1395, "professor": null, "university": 51, "author": null, "description": "همه رشته های مهندسی، همه گرایش های مهندسی\r\nدانشگاه صنعتی امیرکبیر\r\nامتحان پایان ترم درس فیزیک 1 نیمسال اول همراه با پاسخ تشریحی", "upload_datetime": "2019-12-06T09:43:24.177Z", "title": "نمونه سوال امتحانی فیزیک 1", "add_datetime": "2019-12-06T09:43:24.177Z", "modify_datetime": "2019-12-06T09:43:58.602Z", "logo": "", "is_processed": false}}, {"model": "handout.handout", "pk": 92, "fields": {"category": 5, "course": 25, "file": "storage/handout/f3842568.pdf", "year": 1390, "professor": null, "university": 60, "author": null, "description": "\nهمه رشته های مهندسی، همه گرایش های مهندسی\nدانشگاه صنعتی شریف\nامتحان پایان ترم درس ریاضی 2 نیمسال دوم همراه با پاسخ تشریحی", "upload_datetime": "2019-12-06T09:49:05.220Z", "title": "نمونه سوال امتحانی ریاضی 2", "add_datetime": "2019-12-06T09:49:05.220Z", "modify_datetime": "2019-12-06T09:49:05.220Z", "logo": "", "is_processed": false}}, {"model": "handout.handout", "pk": 93, "fields": {"category": 5, "course": 56, "file": "storage/handout/875132b9.pdf", "year": 1393, "professor": null, "university": 51, "author": null, "description": "مهندسی شیمی، همه گرایش های مهندسی شیمی\r\nدانشگاه صنعتی امیرکبیر\r\nامتحان میان ترم درس شیمی عمومی 1 نیمسال اول", "upload_datetime": "2019-12-06T09:53:50.319Z", "title": "نمونه سوال امتحانی شیمی عمومی 1", "add_datetime": "2019-12-06T09:53:50.319Z", "modify_datetime": "2019-12-06T09:54:02.949Z", "logo": "", "is_processed": false}}, {"model": "handout.handout", "pk": 94, "fields": {"category": 7, "course": 57, "file": "storage/handout/0406f872.pdf", "year": 1397, "professor": null, "university": null, "author": null, "description": "مهندسی مکانیک، همه گرایش های مهندسی مکانیک\r\nتاریخ آزمون : صبح پنجشنبه 1397/02/06", "upload_datetime": "2019-12-06T11:17:57.221Z", "title": "دفترچه سوالات کنکور ارشد مهندسی مکانیک 97", "add_datetime": "2019-12-06T11:17:57.221Z", "modify_datetime": "2019-12-06T11:20:27.365Z", "logo": "", "is_processed": false}}, {"model": "handout.handout", "pk": 95, "fields": {"category": 7, "course": 58, "file": "storage/handout/e8491fcc.pdf", "year": 1397, "professor": null, "university": null, "author": null, "description": "مهندسی صنایع، همه گرایش های مهندسی صنایع\r\nتاریخ آزمون : صبح جمعه 1397/02/07", "upload_datetime": "2019-12-06T11:23:47.641Z", "title": "دفترچه سوالات کنکور ارشد مهندسی صنایع 97", "add_datetime": "2019-12-06T11:23:47.641Z", "modify_datetime": "2019-12-06T11:24:12.141Z", "logo": "", "is_processed": false}}, {"model": "handout.handout", "pk": 96, "fields": {"category": 5, "course": 59, "file": "storage/handout/171b9f95.pdf", "year": 1395, "professor": null, "university": 552, "author": null, "description": "مهندسی عمران، نقشه برداری\r\nمهندسی مدیریت اجرایی، مهندسی مدیریت پروژه\r\nدانشگاه پیام نور (سازمان مرکزی)\r\n6 امتحان پایان ترم درس مصالح ساختمانی همراه با پاسخ", "upload_datetime": "2019-12-06T11:42:57.815Z", "title": "نمونه سوال امتحانی مصالح ساختمانی", "add_datetime": "2019-12-06T11:42:57.815Z", "modify_datetime": "2019-12-06T11:53:58.577Z", "logo": "", "is_processed": false}}, {"model": "handout.handout", "pk": 97, "fields": {"category": 5, "course": 60, "file": "storage/handout/a89eba68.pdf", "year": 1394, "professor": null, "university": 50, "author": null, "description": "همه رشته های مهندسی، همه گرایش های مهندسی\r\nدانشگاه صنعتی اصفهان\r\nامتحان پایان ترم آزمایشگاه فیزیک 1 نیمسال دوم\r\nهمراه با خلاصه درس و نکات مهم آز فیزیک 1", "upload_datetime": "2019-12-06T12:07:19.478Z", "title": "نمونه سوال امتحانی آزمایشگاه فیزیک 1", "add_datetime": "2019-12-06T12:07:19.478Z", "modify_datetime": "2019-12-06T12:10:30.455Z", "logo": "", "is_processed": false}}, {"model": "handout.handout", "pk": 98, "fields": {"category": 7, "course": 61, "file": "storage/handout/869f35d2.pdf", "year": 1397, "professor": null, "university": null, "author": null, "description": "مهندسی شیمی، همه گرایش های مهندسی شیمی\r\nتاریخ آزمون : صبح جمعه 1397/02/07", "upload_datetime": "2019-12-06T12:29:10.826Z", "title": "دفترچه سوالات کنکور ارشد مهندسی شیمی 97", "add_datetime": "2019-12-06T12:29:10.826Z", "modify_datetime": "2019-12-06T12:31:18.996Z", "logo": "", "is_processed": false}}, {"model": "handout.handout", "pk": 99, "fields": {"category": 5, "course": 30, "file": "storage/handout/b2a7f271.pdf", "year": null, "professor": 31, "university": null, "author": null, "description": "همه رشته های مهندسی، همه گرایش های مهندسی\r\n2 امتحان میان ترم و 2 امتحان پایان ترم درس معادلات دیفرانسیل", "upload_datetime": "2019-12-06T12:46:14.143Z", "title": "نمونه سوال امتحانی معادلات دیفرانسیل", "add_datetime": "2019-12-06T12:46:14.143Z", "modify_datetime": "2019-12-06T12:48:54.370Z", "logo": "", "is_processed": false}}, {"model": "handout.handout", "pk": 100, "fields": {"category": 5, "course": 12, "file": "storage/handout/7cee0ce5.pdf", "year": 1395, "professor": 35, "university": 660, "author": null, "description": "خانم مانی\nهمه رشته های مهندسی، همه گرایش های مهندسی\nدانشگاه تهران\nامتحان پایان ترم درس فیزیک 1 به همراه چند نمونه سوال", "upload_datetime": "2019-12-06T12:57:44.766Z", "title": "نمونه سوال امتحانی فیزیک 1  خانم مانی", "add_datetime": "2019-12-06T12:57:44.766Z", "modify_datetime": "2019-12-06T12:57:44.766Z", "logo": "", "is_processed": false}}, {"model": "handout.handout", "pk": 101, "fields": {"category": 6, "course": 28, "file": "storage/handout/99f90e1c.pdf", "year": null, "professor": null, "university": null, "author": null, "description": "مهندسی برق، همه گرایش های مهندسی برق\r\nحل تمرین های کتاب الکترومغناطیس چنگ", "upload_datetime": "2019-12-06T13:01:26.233Z", "title": "حل المسائل کتاب الکترومغناطیس چنگ", "add_datetime": "2019-12-06T13:01:26.233Z", "modify_datetime": "2019-12-06T13:02:45.510Z", "logo": "", "is_processed": false}}, {"model": "handout.handout", "pk": 102, "fields": {"category": 8, "course": 62, "file": "storage/handout/74fa07ec.pdf", "year": 1394, "professor": null, "university": 51, "author": "مصطفی رحیمی", "description": "مهندسی عمران، همه گرایش های مهندسی عمران\r\nبر مبنای کتاب سیالات سری عمران\r\nمناسب برای کنکور ارشد و دکتری\r\nمصطفی رحیمی", "upload_datetime": "2019-12-11T16:57:01.082Z", "title": "جزوه خلاصه و نکات درس مکانیک سیالات", "add_datetime": "2019-12-11T16:57:01.082Z", "modify_datetime": "2019-12-11T17:03:24.935Z", "logo": "", "is_processed": false}}, {"model": "handout.handout", "pk": 103, "fields": {"category": 3, "course": 49, "file": "storage/handout/ff6677c8.pdf", "year": null, "professor": null, "university": 67, "author": null, "description": "همه رشته های مهندسی، همه گرایش های مهندسی\r\nدانشگاه علم و صنعت ایران\r\nجزوه تایپ شده درس محاسبات عددی", "upload_datetime": "2019-12-11T17:07:52.691Z", "title": "جزوه محاسبات عددی", "add_datetime": "2019-12-11T17:07:52.691Z", "modify_datetime": "2019-12-11T17:08:31.665Z", "logo": "", "is_processed": false}}, {"model": "handout.handout", "pk": 104, "fields": {"category": 3, "course": 63, "file": "storage/handout/11d4c194.pdf", "year": null, "professor": 36, "university": 60, "author": null, "description": "دکتر کاظمینی\nمهندسی شیمی، همه گرایش های مهندسی شیمی\nدانشگاه صنعتی شریف\nجزوه دست نویس درس سینتیک و طراحی رآکتور", "upload_datetime": "2019-12-11T17:16:13.734Z", "title": "جزوه سینتیک و طراحی رآکتور  دکتر کاظمینی", "add_datetime": "2019-12-11T17:16:13.734Z", "modify_datetime": "2019-12-11T17:16:13.734Z", "logo": "", "is_processed": false}}, {"model": "handout.handout", "pk": 105, "fields": {"category": 3, "course": 64, "file": "storage/handout/9f39db64.pdf", "year": null, "professor": 37, "university": 60, "author": null, "description": "دکتر سعید شاد\nمهندسی نفت، همه گرایش های مهندسی نفت\nدانشگاه صنعتی شریف\nجزوه  دست نویس درس نمودارگیری چاه", "upload_datetime": "2019-12-11T17:34:43.332Z", "title": "جزوه نمودارگیری چاه  دکتر سعید شاد", "add_datetime": "2019-12-11T17:34:43.332Z", "modify_datetime": "2019-12-11T17:34:43.332Z", "logo": "", "is_processed": false}}, {"model": "handout.handout", "pk": 106, "fields": {"category": 3, "course": 65, "file": "storage/handout/345a30e1.Pdf", "year": null, "professor": 38, "university": null, "author": null, "description": "دکتر مجید ایوزیان\nمهندسی صنایع، همه گرایش های مهندسی صنایع\nجزوه خلاصه درس کنترل کیفیت آماری\r\nمناسب برای کنکور ارشد مهندسی صنایع", "upload_datetime": "2019-12-11T17:42:42.399Z", "title": "جزوه کنترل کیفیت آماری  دکتر مجید ایوزیان", "add_datetime": "2019-12-11T17:42:42.399Z", "modify_datetime": "2019-12-11T17:42:42.399Z", "logo": "", "is_processed": false}}, {"model": "handout.handout", "pk": 107, "fields": {"category": 4, "course": 32, "file": "storage/handout/5244d84e.pdf", "year": 1388, "professor": null, "university": null, "author": "محمدباقر معموری، احسان شاه بختی", "description": "مهندسی کامپیوتر، همه گرایش های مهندسی کامپیوتر\r\nمحمدباقر معموری، احسان شاه بختی", "upload_datetime": "2019-12-11T17:57:31.079Z", "title": "کتاب آموزش برنامه نویسی جاوا", "add_datetime": "2019-12-11T17:57:31.079Z", "modify_datetime": "2019-12-11T17:58:48.653Z", "logo": "", "is_processed": false}}, {"model": "handout.handout", "pk": 108, "fields": {"category": 10, "course": 66, "file": "storage/handout/e3f72f33.pdf", "year": null, "professor": 39, "university": null, "author": "فرهاد ابراهیمی", "description": "خانم گریوانی\r\nمهندسی برق، همه گرایش های مهندسی برق\r\nفرهاد ابراهیمی", "upload_datetime": "2019-12-11T18:03:59.289Z", "title": "گزارش کار آزمایشگاه الکترونیک صنعتی", "add_datetime": "2019-12-11T18:03:59.289Z", "modify_datetime": "2019-12-11T18:04:56.399Z", "logo": "", "is_processed": false}}, {"model": "handout.handout", "pk": 109, "fields": {"category": 5, "course": 67, "file": "storage/handout/26c08a4b.pdf", "year": null, "professor": null, "university": 51, "author": null, "description": "مهندسی شیمی، همه گرایش های مهندسی شیمی\r\nدانشگاه صنعتی امیرکبیر", "upload_datetime": "2019-12-11T18:07:54.270Z", "title": "نمونه سوال امتحانی آزمایشگاه شیمی عمومی 1", "add_datetime": "2019-12-11T18:07:54.270Z", "modify_datetime": "2019-12-11T18:08:32.124Z", "logo": "", "is_processed": false}}, {"model": "handout.handout", "pk": 110, "fields": {"category": 10, "course": 68, "file": "storage/handout/b016e93b.pdf", "year": 1392, "professor": 40, "university": 363, "author": "حسین ابراهیمی", "description": "مهندس عباس شیخ ابومسعودی\r\nمهندسی شیمی، همه گرایش های مهندسی شیمی\r\nدانشگاه آزاد اسلامی نجف آباد\r\nحسین ابراهیمی", "upload_datetime": "2019-12-13T09:32:55.404Z", "title": "گزارش کارآموزی شرکت صنایع شیمیایی ایران (L.A.B اصفهان)", "add_datetime": "2019-12-13T09:32:55.404Z", "modify_datetime": "2019-12-13T09:34:27.417Z", "logo": "", "is_processed": false}}, {"model": "handout.handout", "pk": 111, "fields": {"category": 3, "course": 12, "file": "storage/handout/cadebbea.pdf", "year": null, "professor": null, "university": 660, "author": null, "description": "همه رشته های مهندسی، همه گرایش های مهندسی\r\nدانشگاه تهران\r\nخلاصه نکات و فرمول های فیزیک 1", "upload_datetime": "2019-12-13T09:39:11.300Z", "title": "جزوه خلاصه نکات فیزیک 1", "add_datetime": "2019-12-13T09:39:11.300Z", "modify_datetime": "2019-12-13T10:25:04.674Z", "logo": "", "is_processed": false}}, {"model": "handout.handout", "pk": 112, "fields": {"category": 5, "course": 69, "file": "storage/handout/78ea3e92.pdf", "year": 1392, "professor": null, "university": 112, "author": null, "description": "مهندسی مکانیک، همه گرایش های مهندسی مکانیک\r\nدانشکده فنی شهید صدوقی یزد\r\nامتحان میان ترم درس ترمودینامیک نیمسال اول همراه با پاسخ", "upload_datetime": "2019-12-13T10:30:40.048Z", "title": "نمونه سوال امتحانی ترمودینامیک 1", "add_datetime": "2019-12-13T10:30:40.048Z", "modify_datetime": "2019-12-13T10:32:42.514Z", "logo": "", "is_processed": false}}, {"model": "handout.handout", "pk": 113, "fields": {"category": 5, "course": 30, "file": "storage/handout/e5c5c96a.pdf", "year": 1396, "professor": null, "university": 660, "author": null, "description": "همه رشته های مهندسی، همه گرایش های مهندسی\r\nدانشگاه تهران\r\nنمونه سوال امتحانی درس معادلات دیفرانسیل رشته های مهندسی", "upload_datetime": "2019-12-13T10:36:10.733Z", "title": "امتحان پایان ترم درس معادلات دیفرانسیل نیمسال دوم همراه با پاسخ تشریحی", "add_datetime": "2019-12-13T10:36:10.733Z", "modify_datetime": "2019-12-13T10:37:05.079Z", "logo": "", "is_processed": false}}, {"model": "handout.handout", "pk": 114, "fields": {"category": 5, "course": 57, "file": "storage/handout/9c854392.pdf", "year": 1395, "professor": null, "university": null, "author": null, "description": "مهندسی مکانیک، همه گرایش های مهندسی مکانیک\r\nپاسخ دروس ریاضی، ریاضی مهندسی، معادلات، سیالات ، جامدات و دینامیک ارتعاشات", "upload_datetime": "2019-12-13T14:25:54.568Z", "title": "پاسخ تشریحی کنکور ارشد مهندسی مکانیک 1395", "add_datetime": "2019-12-13T14:25:54.568Z", "modify_datetime": "2019-12-13T14:29:18.393Z", "logo": "", "is_processed": false}}, {"model": "handout.handout", "pk": 115, "fields": {"category": 3, "course": 70, "file": "storage/handout/38dd9ec5.pdf", "year": null, "professor": 41, "university": 103, "author": null, "description": "دکتر امیرحسین کوهساری\nمهندسی معدن، همه گرایش های مهندسی معدن\nدانشگاه یزد\nخصوصیات کانی ها، سیلیکات ها و غیرسیلیکات ها\r\nکتاب مرجع : کانی شناسی توصیفی 1", "upload_datetime": "2019-12-13T14:45:27.215Z", "title": "جزوه کانی شناسی توصیفی  دکتر امیرحسین کوهساری", "add_datetime": "2019-12-13T14:45:27.215Z", "modify_datetime": "2019-12-13T14:45:27.215Z", "logo": "", "is_processed": false}}, {"model": "handout.handout", "pk": 116, "fields": {"category": 5, "course": 71, "file": "storage/handout/cc3a289b.pdf", "year": null, "professor": null, "university": null, "author": null, "description": "همه رشته ها، همه گرایش ها\r\nبر اساس کتاب درآمدی تحلیلی بر انقلاب اسلامی ایران", "upload_datetime": "2019-12-13T15:03:41.349Z", "title": "نمونه سوال تستی درس انقلاب اسلامی همراه با پاسخ", "add_datetime": "2019-12-13T15:03:41.349Z", "modify_datetime": "2019-12-13T15:06:28.630Z", "logo": "", "is_processed": false}}, {"model": "handout.handout", "pk": 117, "fields": {"category": 3, "course": 72, "file": "storage/handout/a1a4c90d.pdf", "year": null, "professor": null, "university": null, "author": "مسعود عطائی", "description": "مهندسی برق، مخابرات، مسعود عطائی\r\nجزوه بصورت تایپ شده است (ویرایش اول)", "upload_datetime": "2019-12-14T18:57:16.989Z", "title": "جزوه میدان ها و امواج مهندس مسعود عطائی", "add_datetime": "2019-12-14T18:57:16.989Z", "modify_datetime": "2019-12-14T19:08:09.788Z", "logo": "", "is_processed": true}}, {"model": "handout.handout", "pk": 118, "fields": {"category": 3, "course": 73, "file": "storage/handout/90a284f2.pdf", "year": null, "professor": 42, "university": 50, "author": null, "description": "دکتر امیر برجی\r\nمهندسی برق، مخابرات\r\nدانشگاه صنعتی اصفهان", "upload_datetime": "2019-12-14T19:11:35.404Z", "title": "جزوه طراحی مدارهای فرکانس بالا دکتر امیر برجی", "add_datetime": "2019-12-14T19:11:35.404Z", "modify_datetime": "2019-12-14T19:12:05.183Z", "logo": "", "is_processed": false}}, {"model": "handout.handout", "pk": 119, "fields": {"category": 3, "course": 74, "file": "storage/handout/d694f6bf.pdf", "year": null, "professor": 43, "university": 67, "author": null, "description": "دکتر مجید طیرانی\r\nمهندسی برق، مخابرات\r\nدانشگاه علم و صنعت ایران", "upload_datetime": "2019-12-15T06:45:42.640Z", "title": "جزوه اندازه گیری مایکروویو دکتر مجید طیرانی", "add_datetime": "2019-12-15T06:45:42.640Z", "modify_datetime": "2019-12-15T06:46:14.381Z", "logo": "", "is_processed": false}}, {"model": "handout.handout", "pk": 120, "fields": {"category": 3, "course": 28, "file": "storage/handout/b7c256ee.pdf", "year": null, "professor": null, "university": 15, "author": "سامان راجبی", "description": "\nمهندسی برق، همه گرایش های مهندسی برق\nدانشگاه تبریز\nسامان راجبی\nجزوه به صورت تایپ شده است", "upload_datetime": "2019-12-15T06:50:44.468Z", "title": "جزوه الکترومغناطیس", "add_datetime": "2019-12-15T06:50:44.468Z", "modify_datetime": "2019-12-15T06:50:44.468Z", "logo": "", "is_processed": false}}, {"model": "handout.handout", "pk": 121, "fields": {"category": 3, "course": 28, "file": "storage/handout/4bf7286f.pdf", "year": null, "professor": null, "university": null, "author": null, "description": "\nمهندسی برق، همه گرایش های مهندسی برق\nجزوه به صورت تایپ شده است", "upload_datetime": "2019-12-15T06:51:38.259Z", "title": "جزوه الکترومغناطیس", "add_datetime": "2019-12-15T06:51:38.259Z", "modify_datetime": "2019-12-15T06:51:38.259Z", "logo": "", "is_processed": false}}, {"model": "handout.handout", "pk": 122, "fields": {"category": 3, "course": 28, "file": "storage/handout/1d06eda4.pdf", "year": null, "professor": null, "university": null, "author": null, "description": "\nمهندسی برق، همه گرایش های مهندسی برق\nتمام فرمول های درس الکترومغناطیس", "upload_datetime": "2019-12-15T06:53:11.152Z", "title": "جزوه الکترومغناطیس", "add_datetime": "2019-12-15T06:53:11.152Z", "modify_datetime": "2019-12-15T06:53:11.152Z", "logo": "", "is_processed": false}}, {"model": "handout.handout", "pk": 123, "fields": {"category": 3, "course": 75, "file": "storage/handout/bc6c45dd.pdf", "year": null, "professor": 44, "university": 51, "author": null, "description": "دکتر شیری\r\nمهندسی برق، الکترونیک\r\nدانشگاه صنعتی امیرکبیر", "upload_datetime": "2019-12-15T08:32:52.624Z", "title": "جزوه مدارهای الکترونیکی  دکتر شیری", "add_datetime": "2019-12-15T08:32:52.624Z", "modify_datetime": "2019-12-15T09:06:40.348Z", "logo": "", "is_processed": false}}, {"model": "handout.handout", "pk": 124, "fields": {"category": 3, "course": 76, "file": "storage/handout/0b4108aa.pdf", "year": null, "professor": 44, "university": 51, "author": null, "description": "دکتر شیری\nمهندسی برق، همه گرایش های مهندسی برق\nدانشگاه صنعتی امیرکبیر", "upload_datetime": "2019-12-15T09:10:06.512Z", "title": "جزوه مدارهای منطقی  دکتر شیری", "add_datetime": "2019-12-15T09:10:06.512Z", "modify_datetime": "2019-12-15T09:10:06.512Z", "logo": "", "is_processed": false}}, {"model": "handout.handout", "pk": 125, "fields": {"category": 3, "course": 47, "file": "storage/handout/09d332c7.pdf", "year": null, "professor": 45, "university": 51, "author": null, "description": "دکتر کاردان\nمهندسی برق، همه گرایش های مهندسی برق\nدانشگاه صنعتی امیرکبیر", "upload_datetime": "2019-12-15T10:58:30.673Z", "title": "جزوه مدارهای الکتریکی 1  دکتر کاردان", "add_datetime": "2019-12-15T10:58:30.673Z", "modify_datetime": "2019-12-15T10:58:30.673Z", "logo": "", "is_processed": false}}, {"model": "handout.handout", "pk": 126, "fields": {"category": 3, "course": 47, "file": "storage/handout/1d457f98.pdf", "year": null, "professor": 45, "university": 51, "author": null, "description": "دکتر کاردان\nمهندسی برق، همه گرایش های مهندسی برق\nدانشگاه صنعتی امیرکبیر", "upload_datetime": "2019-12-15T11:03:00.598Z", "title": "جزوه مدارهای الکتریکی 1  دکتر کاردان", "add_datetime": "2019-12-15T11:03:00.598Z", "modify_datetime": "2019-12-15T11:03:00.598Z", "logo": "", "is_processed": false}}, {"model": "handout.handout", "pk": 127, "fields": {"category": 3, "course": 77, "file": "storage/handout/9a67d69e.pdf", "year": null, "professor": 24, "university": 51, "author": null, "description": "دکتر سعیدی\nمهندسی برق، همه گرایش های مهندسی برق\nدانشگاه صنعتی امیرکبیر", "upload_datetime": "2019-12-15T11:11:44.058Z", "title": "جزوه مدار الکتریکی 2  دکتر سعیدی", "add_datetime": "2019-12-15T11:11:44.058Z", "modify_datetime": "2019-12-15T11:11:44.058Z", "logo": "", "is_processed": false}}, {"model": "handout.handout", "pk": 128, "fields": {"category": 3, "course": 72, "file": "storage/handout/2074f8cf.pdf", "year": null, "professor": 46, "university": null, "author": null, "description": "دکتر عدالتی پور\nمهندسی برق، مخابرات", "upload_datetime": "2019-12-15T11:23:21.305Z", "title": "جزوه میدان ها و امواج  دکتر عدالتی پور", "add_datetime": "2019-12-15T11:23:21.305Z", "modify_datetime": "2019-12-15T11:23:21.305Z", "logo": "", "is_processed": false}}, {"model": "handout.handout", "pk": 129, "fields": {"category": 3, "course": 72, "file": "storage/handout/87a09c50.pdf", "year": 1389, "professor": 47, "university": 332, "author": null, "description": "دکتر شیخی\nمهندسی برق، مخابرات\nدانشگاه آزاد اسلامی شهرری", "upload_datetime": "2019-12-15T11:39:07.109Z", "title": "جزوه میدان ها و امواج  دکتر شیخی", "add_datetime": "2019-12-15T11:39:07.109Z", "modify_datetime": "2019-12-15T11:39:07.109Z", "logo": "", "is_processed": false}}, {"model": "handout.handout", "pk": 130, "fields": {"category": 4, "course": 78, "file": "storage/handout/8b6f2621.pdf", "year": 1385, "professor": null, "university": 77, "author": "شهرام نصیری سوادکوهی، شهرام خدادای", "description": "\nفنی و حرفه ای - رشته برق، الکتروتکنیک\nدانشگاه فنی و حرفه‌ای\nشهرام نصیری سوادکوهی، شهرام خدادای", "upload_datetime": "2019-12-15T14:33:49.709Z", "title": "کتاب الکترونیک کاربردی", "add_datetime": "2019-12-15T14:33:49.709Z", "modify_datetime": "2019-12-15T14:33:49.709Z", "logo": "", "is_processed": false}}, {"model": "handout.handout", "pk": 131, "fields": {"category": 4, "course": 29, "file": "storage/handout/5602ee4b.pdf", "year": 1361, "professor": 48, "university": null, "author": null, "description": "دکتر علوی\nمهندسی برق، همه گرایش های مهندسی برق\nکتاب طراحی الکترونیک موسسه فنی تهران", "upload_datetime": "2019-12-15T15:07:21.057Z", "title": "کتاب الکترونیک 1  دکتر علوی", "add_datetime": "2019-12-15T15:07:21.057Z", "modify_datetime": "2019-12-15T15:07:21.057Z", "logo": "", "is_processed": false}}, {"model": "handout.handout", "pk": 132, "fields": {"category": 3, "course": 52, "file": "storage/handout/e62c364e.pdf", "year": 1390, "professor": 49, "university": 661, "author": null, "description": "دکتر محمدصادق معتقدی\nهمه رشته های مهندسی، همه گرایش های مهندسی\nپارسه\nکیفیت جزوه نسبتا پایین", "upload_datetime": "2019-12-15T16:00:38.981Z", "title": "جزوه ریاضی مهندسی  دکتر محمدصادق معتقدی", "add_datetime": "2019-12-15T16:00:38.981Z", "modify_datetime": "2019-12-15T16:00:38.981Z", "logo": "", "is_processed": false}}, {"model": "handout.handout", "pk": 133, "fields": {"category": 11, "course": 79, "file": "storage/handout/7937dc4f.rar", "year": 1387, "professor": 50, "university": 660, "author": null, "description": "دکتر شاه آبادی\nمهندسی برق، مخابرات\nدانشگاه تهران\nتکالیف درسی آنتن 1 دکتر شاه آبادی", "upload_datetime": "2019-12-15T16:10:37.058Z", "title": "تکالیف درسی آنتن 1  دکتر شاه آبادی", "add_datetime": "2019-12-15T16:10:37.058Z", "modify_datetime": "2019-12-15T16:10:37.058Z", "logo": "", "is_processed": false}}, {"model": "handout.handout", "pk": 134, "fields": {"category": 11, "course": 79, "file": "storage/handout/704a0e9c.rar", "year": 1390, "professor": 50, "university": 660, "author": null, "description": "دکتر شاه آبادی\nمهندسی برق، مخابرات\nدانشگاه تهران", "upload_datetime": "2019-12-15T16:12:54.780Z", "title": "تکالیف درسی آنتن 1  دکتر شاه آبادی", "add_datetime": "2019-12-15T16:12:54.780Z", "modify_datetime": "2019-12-15T16:12:54.780Z", "logo": "", "is_processed": false}}, {"model": "handout.handout", "pk": 135, "fields": {"category": 3, "course": 41, "file": "storage/handout/438f3acc.pdf", "year": 1396, "professor": null, "university": 662, "author": null, "description": "همه رشته ها، همه گرایش ها\r\nمدرسان شریف\r\nلغات مربوط به سوالات زبان انگلیسی کنکور  تمام رشته ها از سال 88 تا 95", "upload_datetime": "2019-12-15T19:32:14.400Z", "title": "لغات پرکاربرد زبان انگلیسی کنکور کارشناسی ارشد", "add_datetime": "2019-12-15T19:32:14.400Z", "modify_datetime": "2019-12-15T20:37:41.662Z", "logo": "", "is_processed": false}}, {"model": "handout.handout", "pk": 136, "fields": {"category": 6, "course": 80, "file": "storage/handout/2cd0a68f.pdf", "year": null, "professor": null, "university": 663, "author": "حمدی طه", "description": "مهندسی صنایع، همه گرایش های مهندسی صنایع\r\nموسسه علمی پژوهشی نصیر\r\nحمدی طه\r\nحل المسائل کتاب پژوهش عملیاتی، برنامه ریزی خطی و کاربردهای آن\r\nنویسنده محمدرضا مهرگان", "upload_datetime": "2019-12-15T20:02:26.420Z", "title": "حل المسائل تحقیق در عملیات", "add_datetime": "2019-12-15T20:02:26.420Z", "modify_datetime": "2019-12-15T20:02:57.545Z", "logo": "", "is_processed": false}}, {"model": "handout.handout", "pk": 137, "fields": {"category": 3, "course": 41, "file": "storage/handout/13031019.pdf", "year": null, "professor": null, "university": null, "author": null, "description": "همه رشته ها، همه گرایش ها\r\nتصویر سازی لغات کتاب 504", "upload_datetime": "2019-12-15T20:34:43.355Z", "title": "کد گذاری لغات کتاب زبان انگلیسی 504", "add_datetime": "2019-12-15T20:34:43.355Z", "modify_datetime": "2019-12-15T20:36:42.653Z", "logo": "", "is_processed": false}}, {"model": "handout.handout", "pk": 138, "fields": {"category": 3, "course": 81, "file": "storage/handout/1d76cc10.pdf", "year": null, "professor": null, "university": null, "author": null, "description": "مهندسی مواد، همه گرایش های مهندسی مواد\r\nجزوه درس آزمایش های غیرمخرب جوش (NDT)", "upload_datetime": "2019-12-15T20:54:06.556Z", "title": "جزوه آزمایش های غیرمخرب جوش (NDT)", "add_datetime": "2019-12-15T20:54:06.556Z", "modify_datetime": "2019-12-15T20:54:49.910Z", "logo": "", "is_processed": false}}]